TATCTCGAGTTAGCTGCCTTTGGAAACGG,DMT ON,IgAce2rev-noH,POSTIKA
TATAGTCGACGATTTACCCCGGCAGAC,DMT ON,p03_F1-Rs,CHUDINOV
TATAGGATCCTGTCTGCCGGGGTAAA,DMT ON,p03_F2-Fb,CHUDINOV
TATAGTCGACACGTAAGAAATCTTCAAGGGTT,DMT ON,p03_F2-Rs,CHUDINOV
TATAGGATCCATGGGAAGCTCCCACC,DMT ON,p10_F1-Fb,CHUDINOV
TATAGTCGACAGGGGAGTAGTCAGACC,DMT ON,p10_F1-Rs,CHUDINOV
TATAGGATCCGGGTCTGACTACTCCCC,DMT ON,p10_F2-Fb,CHUDINOV
TATAGTCGACATAGTCGTTGATCGTCTTCTG,DMT ON,p10_F2-Rs,CHUDINOV
GATTTACCCCGGCAGAC,DMT ON,p03_F1-R,CHUDINOV
TGTCTGCCGGGGTAAA,DMT ON,p03_F2-F,CHUDINOV
AGGGGAGTAGTCAGACC,DMT ON,p10_F1-R,CHUDINOV
GGGTCTGACTACTCCCC,DMT ON,p10_F2-F,CHUDINOV
CATTAGTTTTCGTTAACACGCG,DMT ON,p03_M-F,CHUDINOV
GATCGATATAAAGTTGGGAAGTACG,DMT ON,p03_M-R,CHUDINOV
GCGGTAAAGAAAATTTTGAGCG,DMT ON,p10_M-F,CHUDINOV
TGGGTCGATATAAAGCTTGCTCA,DMT ON,p10_M-R,CHUDINOV
ATGAAGGTCGATGAGTTGCCGGTCGATGAACGTTTGAAGGCAGTGTT,DMT ON,p03_F1-1,CHUDINOV
GGTGGATAAAGCTCCTCAATTCCGCGCTCCTTCAACACTGCCTTCAAACGTTCAT,DMT ON,p03_F1-2,CHUDINOV
GGAATTGAGGAGCTTTATCCACCACAGGCTGAAGCTTTAAAATCCGG,DMT ON,p03_F1-3,CHUDINOV
CTAAGTTGCGCCCCTCCAATGCTCCGGATTTTAAAGCTTCAGCCT,DMT ON,p03_F1-4,CHUDINOV
TTGGAGGGGCGCAACTTAGTTCTGGCGATTCCTACGGCTTCCGGAAAAACCCTTG,DMT ON,p03_F1-5,CHUDINOV
CTTCCTGGATAAGCTTATTTACCATTACGATTTCGGAGACAAGGGTTTTTCCGGAAGCC,DMT ON,p03_F1-6,CHUDINOV
GTAATGGTAAATAAGCTTATCCAGGAAGGGGGGAAGGCTGTGTATCTGGTTCCCTTAAAAGCTTT,DMT ON,p03_F1-7,CHUDINOV
CCACTCTTTGAATTCGCGATACTTTTCTTCGGCTAAAGCTTTTAAGGGAACCAGATACA,DMT ON,p03_F1-8,CHUDINOV
AGTATCGCGAATTCAAAGAGTGGGAAAAGCTTGGTTTGAAAGTTGCAGCTACTACGGGTG,DMT ON,p03_F1-9,CHUDINOV
CAAGCCAGTCATCGGTCGAGTCATAATCACCCGTAGTAGCTGCAACT,DMT ON,p03_F1-10,CHUDINOV
TCGACCGATGACTGGCTTGGGCGTTACGACATCATTGTTGCGACTGCT,DMT ON,p03_F1-11,CHUDINOV
CCATGACGCAATAATGAGTCAAATTTCTCAGCAGTCGCAACAATGATGTC,DMT ON,p03_F1-12,CHUDINOV
AATTTGACTCATTATTGCGTCATGGGGCACGTTGGATCAACGACG,DMT ON,p03_F1-13,CHUDINOV
ATAAGATGCACTTCATCTGCCACAACTAACTTGACGTCGTTGATCCAACGTGC,DMT ON,p03_F1-14,CHUDINOV
GTGGCAGATGAAGTGCATCTTATCGGCTCGTACGACCGCGGGGCTACGCTGGAAATGA,DMT ON,p03_F1-15,CHUDINOV
CGCGGCCTAACATATGAGTTAAGATCATTTCCAGCGTAGCCCC,DMT ON,p03_F1-16,CHUDINOV
CTTAACTCATATGTTAGGCCGCGCGCAAATCTTGGCACTTTCGGCAACCGTAGGCAAT,DMT ON,p03_F1-17,CHUDINOV
AGAGAAGCGTCCAACCACTCCGCAAGCTCTTCGGCATTGCCTACGGTTGCCGAA,DMT ON,p03_F1-18,CHUDINOV
GAGTGGTTGGACGCTTCTCTTGTTGTATCAGATTGGCGCCCA,DMT ON,p03_F1-19,CHUDINOV
TGAAAGACACCGCGACGAAGCTGTACTGGGCGCCAATCTGATACAA,DMT ON,p03_F1-20,CHUDINOV
TTCGTCGCGGTGTCTTTCACCTTGGTACATTAATCTGGGAGGACGGAAAGGTGGAGTC,DMT ON,p03_F1-21,CHUDINOV
CAACTAAAGAATACCAATTTTCAGGGTACGACTCCACCTTTCCGTCCTC,DMT ON,p03_F1-22,CHUDINOV
ACCCTGAAAATTGGTATTCTTTAGTTGTGGACGCGGTGAAGCGCGGTAAGGGTGCATTAGTTTT,DMT ON,p03_F1-23,CHUDINOV
CCGAACGACGCGTGTTAACGAAAACTAATGCACCCTTACCGC,DMT ON,p03_F1-24,CHUDINOV
GTTAACACGCGTCGTTCGGCTGAAAAGGAAGCTTTGGCCTTGTCTAAATTG,DMT ON,p03_F1-25,CHUDINOV
GGGTTTTGTCAGGTGCGAAGAGACCAATTTAGACAAGGCCAAAGCTTC,DMT ON,p03_F1-26,CHUDINOV
CTTCGCACCTGACAAAACCCGAAAAACGCGCTTTGGAGTCG,DMT ON,p03_F1-27,CHUDINOV
GTCCTCTAACTGGCTCGCAAGCGACTCCAAAGCGCGTTTT,DMT ON,p03_F1-28,CHUDINOV
TTGCGAGCCAGTTAGAGGACAACCCAACATCTGAGAAATTGAAACGTGCACT,DMT ON,p03_F1-29,CHUDINOV
TGAAAAGCCACTCCCCCACGCAGTGCACGTTTCAATTTCTCAGA,DMT ON,p03_F1-30,CHUDINOV
GTGGGGGAGTGGCTTTTCATCACGCGGGACTGAGTCGCGTAGAGC,DMT ON,p03_F1-31,CHUDINOV
AATTAACCCCTCGCGAAAAGCGTCCTCAATTAATGTACGCTCTACGCGACTCAGTCC,DMT ON,p03_F1-32,CHUDINOV
CACACAAGCTCTGTTGAGGAATGACC,DMT ON,CD3d F,Kalish
GGCTAAGAGAGGAGAAGAGAAAACGG,DMT ON,CD3d R,Kalish
TGGAGAGAGAATTGAAAAAGTGGAGC,DMT ON,B-glob. F,Kalish
CAGATTGTTTATATCAGATGGGATGGGAC,DMT ON,B-glob R,Kalish
CGCAAATGGGCGGTAGGCGTG,DMT ON,CMV F,Kalish
CAACATAGTTAAGAATACCAGTC,DMT ON,pcDNA3.4 R,Kalish
CGCCAATCCCAACCCCTACACATCGCGAAGGTCCG,DMT ON,12-4-Dir,POSTIKA
GGGTTGGGATTGGCGCGAGTCTGCTGGCTGACGTA,DMT ON,12-4-Rev,POSTIKA
GGCACACCGGCGCATTCCGCCCGAAAACATCCGC,DMT ON,12-5-Dir,POSTIKA
GCGCCGGTGTGCCAGATAACCGCTCTGATAGGTGG,DMT ON,12-5-Rev,POSTIKA
GCCACCTATCAGAGCGGTTATCTGGCACACCGGCG,DMT ON,XY dir2,POSTIKA
GCTCTGATAGGTGGCCAGCGCGCCGGCGAGG,DMT ON,XY rev2,POSTIKA
GGCTACATCTACGAAGTCCG,DMT ON,PTX12-4seq_dir,POSTIKA
GTGCCAGATAACCGCTCTG,DMT ON,PTX12-4seq_rev,POSTIKA
TTAGGATCCATGAAGCACCTGTGGTTCTTTCT,DMT ON,IgAce2dir-Bam,POSTIKA
GTGCAAGGGACATGATCTTTAACTTCTACTTCGACGTCTGGG,DMT ON,H7-HC-Adir,POSTIKA
GATCATGTCCCTTGCACAGTAATATGTGGCTGTGTCTGCAG,DMT ON,H7-HC-Arev,POSTIKA
CAGGCGCCCTGACCAGCGGCGTGCACACCTTCC,DMT ON,H7-HC-Cdir,POSTIKA
GGTCAGGGCGCCTGAGTTCCACGACACCGTCACCG,DMT ON,H7-HC-Crev,POSTIKA
GGACATCCAGATGACCCAGTCTCCTTCCACCCTGTC,DMT ON,F10-LC-A1dir,POSTIKA
GGTCATCTGGATGTCCTCTGCTTGGGCACTTTGGGC,DMT ON,F10-LC-A1rev,POSTIKA
CAGTTGAAATCTGGAACTGCCTCTGTTGTGTGCCTGCTG,DMT ON,F10-LC-A2dir,POSTIKA
CAGTTCCAGATTTCAACTGCTCATCAGATGGCGGGAAGATG,DMT ON,F10-LC-A2rev,POSTIKA
CAGCAAGGACAGCACCTACAGCCTCAGCAGCACC,DMT ON,L1-LC-Gdir,POSTIKA
GTGCTGTCCTTGCTGTCCTGCTCTGTGACACTCTCC,DMT ON,L1-LC-Grev,POSTIKA
ATGGATTTGCTAATGGATACAG,DMT OFF,Mutans Forward,Nikiteev
TTAAACTTCTTGACTTGGTATTTTTC,DMT OFF,Mutans reverse,Nikiteev
ATGGAATTACACTTTAATTTAGAATTAGTAGAAAC,DMT OFF,Mitis Forward,Nikiteev
TCATAATTTCCGATACTTTCCTCTACC,DMT OFF,Mitis Reverse,Nikiteev
GCGGCAGCCATATGGCTAGCATGGATTTGCTAATGGATACAG,DMT OFF,Mutans to pet28 forward,Nikiteev
TTAAACTTCTTGACTTGGTATTTTTC,DMT OFF,Mutans to pet28 reverse,Nikiteev
GCGGCAGCCATATGGCTAGCATGGAATTACACTTTAATTTAGAATTAGTAGAAAC,DMT OFF,Mitis to pet28 forward,Nikiteev
CAGCTTCCTTTCGGGCTTTGTCATAATTTCCGATACTTTCCTCTACC,DMT OFF,Mitis to pet28 reverse,Nikiteev
TACGGTATCAGTCATTTTAGGGAAGTCACG,DMT ON,PAMR3,PAM
CTCCCTGCAGCCCCTTTTTAC,DMT ON,PAMF4,PAM
CCCGGGGTACCACGGAGAGATGGTG,DMT ON,BP_199,PAM
CCCGGGGTACCACGGAGAGATGGTG,DMT ON,BP_199,PAM
CCCGGGGTACCACGGAGAGATGGTG,DMT ON,BP_199,PAM
CCCGGGGTACCACGGAGAGATGGTG,DMT ON,BP_199,PAM
CCCGGGGTACCACGGAGAGATGGTG,DMT ON,BP_199,PAM
CCCGGGGTACCACGGAGAGATGGTG,DMT ON,BP_199,PAM
CCCGGGGTACCACGGAGAGATGGTG,DMT ON,BP_199,PAM
CCCGGGGTACCACGGAGAGATGGTG,DMT ON,BP_199,PAM
CCCGGGGTACCACGGAGAGATGGTG,DMT ON,BP_199,PAM
AATACCAGAGATAAGAGAGTAGGCTGGTAGATGGAGTTGCCCGTCGTGCTCAATGAAAGGAGATAAGGTC,DMT ON,pam-1,PAM
AATACCAGAGATAAGAGAGTAGGCTGGTAGATGGAGTTGGCCTTGGTGCTCAATGAAAGGAGATAAGGTC,DMT ON,pam-2,PAM
AATACCAGAGATAAGAGAGTAGGCTGGTAGATGGAGTTGGGGGGCGTGCTCAATGAAAGGAGATAAGGTC,DMT ON,pam-3,PAM
AATACCAGAGATAAGAGAGTAGGCTGGTAGATGGAGTTGCGGAAGGTGCTCAATGAAAGGAGATAAGGTC,DMT ON,pam-4,PAM
AATACCAGAGATAAGAGAGTAGGCTGGTAGATGGAGTTCCCATATGTGCTCAATGAAAGGAGATAAGGTC,DMT ON,pam-5,PAM
AATACCAGAGATAAGAGAGTAGGCTGGTAGATGGAGTTCCCCGTTGTGCTCAATGAAAGGAGATAAGGTC,DMT ON,pam-6,PAM
AATACCAGAGATAAGAGAGTAGGCTGGTAGATGGAGTTACACTTAGTGCTCAATGAAAGGAGATAAGGTC,DMT ON,pam-7,PAM
AATACCAGAGATAAGAGAGTAGGCTGGTAGATGGAGTTTCCGGGAGTGCTCAATGAAAGGAGATAAGGTC,DMT ON,pam-8,PAM
AATACCAGAGATAAGAGAGTAGGCTGGTAGATGGAGTTTCGCCCCGTGCTCAATGAAAGGAGATAAGGTC,DMT ON,pam-9,PAM
AATACCAGAGATAAGAGAGTAGGCTGGTAGATGGAGTTCTCATGGGTGCTCAATGAAAGGAGATAAGGTC,DMT ON,pam-10,PAM
AATACCAGAGATAAGAGAGTAGGCTGGTAGATGGAGTTAGGTAAGGTGCTCAATGAAAGGAGATAAGGTC,DMT ON,pam-11,PAM
AATACCAGAGATAAGAGAGTAGGCTGGTAGATGGAGTTGTACAGGGTGCTCAATGAAAGGAGATAAGGTC,DMT ON,pam-12,PAM
AATACCAGAGATAAGAGAGTAGGCTGGTAGATGGAGTTCGATACCGTGCTCAATGAAAGGAGATAAGGTC,DMT ON,pam-13,PAM
AATACCAGAGATAAGAGAGTAGGCTGGTAGATGGAGTTAGTACATGTGCTCAATGAAAGGAGATAAGGTC,DMT ON,pam-14,PAM
AATACCAGAGATAAGAGAGTAGGCTGGTAGATGGAGTTTGGGAAAGTGCTCAATGAAAGGAGATAAGGTC,DMT ON,pam-15,PAM
AATACCAGAGATAAGAGAGTAGGCTGGTAGATGGAGTTCGAATATGTGCTCAATGAAAGGAGATAAGGTC,DMT ON,pam-16,PAM
AATACCAGAGATAAGAGAGTAGGCTGGTAGATGGAGTTCTTCCAAGTGCTCAATGAAAGGAGATAAGGTC,DMT ON,pam-17,PAM
AATACCAGAGATAAGAGAGTAGGCTGGTAGATGGAGTTGAACGAAGTGCTCAATGAAAGGAGATAAGGTC,DMT ON,pam-18,PAM
AATACCAGAGATAAGAGAGTAGGCTGGTAGATGGAGTTGGACCGGGTGCTCAATGAAAGGAGATAAGGTC,DMT ON,pam-19,PAM
AATACCAGAGATAAGAGAGTAGGCTGGTAGATGGAGTTTAATCAGGTGCTCAATGAAAGGAGATAAGGTC,DMT ON,pam-20,PAM
AATACCAGAGATAAGAGAGTAGGCTGGTAGATGGAGTTGACCACCGTGCTCAATGAAAGGAGATAAGGTC,DMT ON,pam-21,PAM
AATACCAGAGATAAGAGAGTAGGCTGGTAGATGGAGTTCTGGGGAGTGCTCAATGAAAGGAGATAAGGTC,DMT ON,pam-22,PAM
AATACCAGAGATAAGAGAGTAGGCTGGTAGATGGAGTTCGTGGGAGTGCTCAATGAAAGGAGATAAGGTC,DMT ON,pam-23,PAM
AATACCAGAGATAAGAGAGTAGGCTGGTAGATGGAGTTCGCTTATGTGCTCAATGAAAGGAGATAAGGTC,DMT ON,pam-24,PAM
AATACCAGAGATAAGAGAGTAGGCTGGTAGATGGAGTTAGAGGCAGTGCTCAATGAAAGGAGATAAGGTC,DMT ON,pam-25,PAM
AATACCAGAGATAAGAGAGTAGGCTGGTAGATGGAGTTCGACGATGTGCTCAATGAAAGGAGATAAGGTC,DMT ON,pam-26,PAM
AATACCAGAGATAAGAGAGTAGGCTGGTAGATGGAGTTCAAACCTGTGCTCAATGAAAGGAGATAAGGTC,DMT ON,pam-27,PAM
AATACCAGAGATAAGAGAGTAGGCTGGTAGATGGAGTTCACGTGCGTGCTCAATGAAAGGAGATAAGGTC,DMT ON,pam-28,PAM
AATACCAGAGATAAGAGAGTAGGCTGGTAGATGGAGTTGACTCCTGTGCTCAATGAAAGGAGATAAGGTC,DMT ON,pam-29,PAM
AATACCAGAGATAAGAGAGTAGGCTGGTAGATGGAGTTCAGCTCTGTGCTCAATGAAAGGAGATAAGGTC,DMT ON,pam-30,PAM
AATACCAGAGATAAGAGAGTAGGCTGGTAGATGGAGTTCTGGTCCGTGCTCAATGAAAGGAGATAAGGTC,DMT ON,pam-31,PAM
AATACCAGAGATAAGAGAGTAGGCTGGTAGATGGAGTTTTTTTTTGTGCTCAATGAAAGGAGATAAGGTC,DMT ON,pam-32,PAM
AATACCAGAGATAAGAGAGTAGGCTGGTAGATGGAGTTATGTAATGTGCTCAATGAAAGGAGATAAGGTC,DMT ON,pam-33,PAM
AATACCAGAGATAAGAGAGTAGGCTGGTAGATGGAGTTCTTCTGTGTGCTCAATGAAAGGAGATAAGGTC,DMT ON,pam-34,PAM
AATACCAGAGATAAGAGAGTAGGCTGGTAGATGGAGTTGAATTGTGTGCTCAATGAAAGGAGATAAGGTC,DMT ON,pam-35,PAM
AATACCAGAGATAAGAGAGTAGGCTGGTAGATGGAGTTGATGTTAGTGCTCAATGAAAGGAGATAAGGTC,DMT ON,pam-36,PAM
AATACCAGAGATAAGAGAGTAGGCTGGTAGATGGAGTTCGATTGCGTGCTCAATGAAAGGAGATAAGGTC,DMT ON,pam-37,PAM
AATACCAGAGATAAGAGAGTAGGCTGGTAGATGGAGTTCACTGGAGTGCTCAATGAAAGGAGATAAGGTC,DMT ON,pam-38,PAM
AATACCAGAGATAAGAGAGTAGGCTGGTAGATGGAGTTATGCGTAGTGCTCAATGAAAGGAGATAAGGTC,DMT ON,pam-39,PAM
AATACCAGAGATAAGAGAGTAGGCTGGTAGATGGAGTTACCCTGGGTGCTCAATGAAAGGAGATAAGGTC,DMT ON,pam-40,PAM
AATACCAGAGATAAGAGAGTAGGCTGGTAGATGGAGTTAACCCACGTGCTCAATGAAAGGAGATAAGGTC,DMT ON,pam-41,PAM
AATACCAGAGATAAGAGAGTAGGCTGGTAGATGGAGTTACTGGACGTGCTCAATGAAAGGAGATAAGGTC,DMT ON,pam-42,PAM
AATACCAGAGATAAGAGAGTAGGCTGGTAGATGGAGTTAGGGGGTGTGCTCAATGAAAGGAGATAAGGTC,DMT ON,pam-43,PAM
AATACCAGAGATAAGAGAGTAGGCTGGTAGATGGAGTTAGCAAGTGTGCTCAATGAAAGGAGATAAGGTC,DMT ON,pam-44,PAM
AATACCAGAGATAAGAGAGTAGGCTGGTAGATGGAGTTAGCATTCGTGCTCAATGAAAGGAGATAAGGTC,DMT ON,pam-45,PAM
AATACCAGAGATAAGAGAGTAGGCTGGTAGATGGAGTTTACCGGCGTGCTCAATGAAAGGAGATAAGGTC,DMT ON,pam-46,PAM
AATACCAGAGATAAGAGAGTAGGCTGGTAGATGGAGTTTGCAGCGGTGCTCAATGAAAGGAGATAAGGTC,DMT ON,pam-47,PAM
AATACCAGAGATAAGAGAGTAGGCTGGTAGATGGAGTTTAGGTGGGTGCTCAATGAAAGGAGATAAGGTC,DMT ON,pam-48,PAM
AATACCAGAGATAAGAGAGTAGGCTGGTAGATGGAGTTGTGCTAAGTGCTCAATGAAAGGAGATAAGGTC,DMT ON,pam-49,PAM
AATACCAGAGATAAGAGAGTAGGCTGGTAGATGGAGTTATCGGACGTGCTCAATGAAAGGAGATAAGGTC,DMT ON,pam-50,PAM
AATACCAGAGATAAGAGAGTAGGCTGGTAGATGGAGTTGTATTCAGTGCTCAATGAAAGGAGATAAGGTC,DMT ON,pam-51,PAM
AATACCAGAGATAAGAGAGTAGGCTGGTAGATGGAGTTATGTAAAGTGCTCAATGAAAGGAGATAAGGTC,DMT ON,pam-52,PAM
AATACCAGAGATAAGAGAGTAGGCTGGTAGATGGAGTTTTCTCGAGTGCTCAATGAAAGGAGATAAGGTC,DMT ON,pam-53,PAM
AATACCAGAGATAAGAGAGTAGGCTGGTAGATGGAGTTTGCTTCAGTGCTCAATGAAAGGAGATAAGGTC,DMT ON,pam-54,PAM
AATACCAGAGATAAGAGAGTAGGCTGGTAGATGGAGTTCCTTTACGTGCTCAATGAAAGGAGATAAGGTC,DMT ON,pam-55,PAM
AATACCAGAGATAAGAGAGTAGGCTGGTAGATGGAGTTCCTCTGGGTGCTCAATGAAAGGAGATAAGGTC,DMT ON,pam-56,PAM
AATACCAGAGATAAGAGAGTAGGCTGGTAGATGGAGTTGTTAATCGTGCTCAATGAAAGGAGATAAGGTC,DMT ON,pam-57,PAM
AATACCAGAGATAAGAGAGTAGGCTGGTAGATGGAGTTTTTTAGGGTGCTCAATGAAAGGAGATAAGGTC,DMT ON,pam-58,PAM
AATACCAGAGATAAGAGAGTAGGCTGGTAGATGGAGTTAGTTCCAGTGCTCAATGAAAGGAGATAAGGTC,DMT ON,pam-59,PAM
AATACCAGAGATAAGAGAGTAGGCTGGTAGATGGAGTTGGCACAGGTGCTCAATGAAAGGAGATAAGGTC,DMT ON,pam-60,PAM
AATACCAGAGATAAGAGAGTAGGCTGGTAGATGGAGTTGCGAGCAGTGCTCAATGAAAGGAGATAAGGTC,DMT ON,pam-61,PAM
AATACCAGAGATAAGAGAGTAGGCTGGTAGATGGAGTTAAGGACAGTGCTCAATGAAAGGAGATAAGGTC,DMT ON,pam-62,PAM
AATACCAGAGATAAGAGAGTAGGCTGGTAGATGGAGTTGTTGGCCGTGCTCAATGAAAGGAGATAAGGTC,DMT ON,pam-63,PAM
AATACCAGAGATAAGAGAGTAGGCTGGTAGATGGAGTTTACCAAGGTGCTCAATGAAAGGAGATAAGGTC,DMT ON,pam-64,PAM
AATACCAGAGATAAGAGAGTAGGCTGGTAGATGGAGTTTAAGAAGGTGCTCAATGAAAGGAGATAAGGTC,DMT ON,pam-65,PAM
AATACCAGAGATAAGAGAGTAGGCTGGTAGATGGAGTTACATCAGGTGCTCAATGAAAGGAGATAAGGTC,DMT ON,pam-66,PAM
AATACCAGAGATAAGAGAGTAGGCTGGTAGATGGAGTTACGAGGGGTGCTCAATGAAAGGAGATAAGGTC,DMT ON,pam-67,PAM
AATACCAGAGATAAGAGAGTAGGCTGGTAGATGGAGTTGGGATGCGTGCTCAATGAAAGGAGATAAGGTC,DMT ON,pam-68,PAM
AATACCAGAGATAAGAGAGTAGGCTGGTAGATGGAGTTCTGGACGGTGCTCAATGAAAGGAGATAAGGTC,DMT ON,pam-69,PAM
AATACCAGAGATAAGAGAGTAGGCTGGTAGATGGAGTTACGGAGGGTGCTCAATGAAAGGAGATAAGGTC,DMT ON,pam-70,PAM
AATACCAGAGATAAGAGAGTAGGCTGGTAGATGGAGTTCTGTCACGTGCTCAATGAAAGGAGATAAGGTC,DMT ON,pam-71,PAM
AATACCAGAGATAAGAGAGTAGGCTGGTAGATGGAGTTCCTGACGGTGCTCAATGAAAGGAGATAAGGTC,DMT ON,pam-72,PAM
AATGTGGCTCTAACATTACTTCAGCTGCTAATGG,DMT ON,Grin2B_Shorter_F,PAM
TTTACCTTATCTGCCATTATCATAGAGGAGCCC,DMT ON,Grin2B_Shorter_R,PAM
AATGTGGCTCTAACATTACTTCAGCTGCTAATGG,DMT OFF,Grin2B_Shorter_F,PAM
TTTACCTTATCTGCCATTATCATAGAGGAGCCC,DMT OFF,Grin2B_Shorter_R,PAM
CGACGGGCCCGGGATCCGATAAATAATTAATATGGTATAATTAACAAG,DMT ON,des2_frag001_GbspTZ_F,SEMASHKO
CCTCGCGAATGCATCTAGATTCTGGTAAGAATCCAACGATTG,DMT ON,des2_frag001_GbspTZ_R,SEMASHKO
CGACGGGCCCGGGATCCGATGGGTAAGAAGATGTCAGGTC,DMT ON,des2_frag002_GbspTZ_F,SEMASHKO
CCTCGCGAATGCATCTAGATGTTTTTTAATCTTTGTATTAACAGC,DMT ON,des2_frag002_GbspTZ_R,SEMASHKO
CGACGGGCCCGGGATCCGATGCCAATAAGAATTACATTAAGC,DMT ON,des2_frag003_GbspTZ_F,SEMASHKO
CCTCGCGAATGCATCTAGATAACACCCATGTGTCTTTTTCC,DMT ON,des2_frag003_GbspTZ_R,SEMASHKO
CGACGGGCCCGGGATCCGATTGGTGAAGGTCGCAGCCCAG,DMT ON,des2_frag004_GbspTZ_F,SEMASHKO
CCTCGCGAATGCATCTAGATGATTGAAGTTTGTGTTCTTTCG,DMT ON,des2_frag004_GbspTZ_R,SEMASHKO
CGACGGGCCCGGGATCCGATGATTAGAAACTACTTATTCAAGAAG,DMT ON,des2_frag005_GbspTZ_F,SEMASHKO
CCTCGCGAATGCATCTAGATTCTTGTTAAAGCTTCTTTCATTTG,DMT ON,des2_frag005_GbspTZ_R,SEMASHKO
CAATAATCTCAGTTATCGTTTTTAAA,DMT ON,qacG_Staph-D,KOVALCHUK
CTTTCTCCAAATACATTTAAGAG,DMT ON,qacG_Staph-R,KOVALCHUK
CAATAATCTCAGTTATCGTTTTTAAAGAAAATGTTAATTTAATTAGTATAATTTCTATTGGCTTAATTGTTATAGGTGTAGTGCTCTTAAATGTATTTGGAGAAAG,DMT ON,qacG_106-Staph,KOVALCHUK
CCAACTATAACAACAATCATTTCA,DMT ON,qacH_Staph-D,KOVALCHUK
AACCTGMCCAACTTGCGTAAG,DMT ON,qacH_Staph-R,KOVALCHUK
CCAACTATAACAACAATCATTTCATTCCTTATTTGTTTTTATTTTCTGAGTAAAACTATGCAACATTTACCACTTAATATTACTTACGCAAGTTGGGCAGGTT,DMT ON,qacH_103-Staph,KOVALCHUK
TAATACGACTCACTATAGGG,DMT ON,T7_D,KOVALCHUK
GCTAGTTATTGCTCAGCGG,DMT ON,T7_R,KOVALCHUK
ACTGCCATGGGCCATAGCTATCGACTTGAGAGTTTC,DMT ON,Adh_Exp-D,KOVALCHUK
CAGTCTCGAGTCAATTCATCGTGATGACCACTTTG,DMT ON,Adh_Exp_R,KOVALCHUK
AATAATAGGAACTAGTTTCTTAAA,DMT ON,qacJ_Staph-D,KOVALCHUK
TAAATATTTCATAGTTACACTTAAA,DMT ON,qacJ_Staph-R,KOVALCHUK
AATAATAGGAACTAGTTTCTTAAAAACAGCAGAAGGATTTACAAAACTTTGGCCAACATTAGGCACACTTATTTCATTCGGGATATGTTTCTATTTTTTAAGTGTAACTATGAAATATTTA,DMT ON,qacJ_121-Staph,KOVALCHUK
GGTGATGGGACGAGCCCAT,DMT OFF,sumo optimize_F0-0,Nikiteev
ATGGGCTCGTCCCATCACCATCACCACCACGGTTCAGG,DMT OFF,sumo optimize_F0-1,Nikiteev
TCAGACATCGATGCGCTACCACGTGGGACCAGGCCTGAACCGTGGTGGTGAT,DMT OFF,sumo optimize_F0-2,Nikiteev
GGTAGCGCATCGATGTCTGATTCAGAAGTGAACCAAGAAGCG,DMT OFF,sumo optimize_F0-3,Nikiteev
GTCTCTGGTTTAACCTCCGGTTTCACCTCCGGTTTCGCTTCTTGGTTCACTTCTGAA,DMT OFF,sumo optimize_F0-4,Nikiteev
ACCGGAGGTTAAACCAGAGACACATATCAATTTGAAAGTTTCTGATGGTTCCAGCGAG,DMT OFF,sumo optimize_F0-5,Nikiteev
AGTGGTGTGGTCTTCTTGATCTTGAAGAAGATCTCGCTGGAACCATCAGAAAC,DMT OFF,sumo optimize_F0-6,Nikiteev
AGATCAAGAAGACCACACCACTTCGTCGCTTGATGGAGGCGTTC,DMT OFF,sumo optimize_F0-7,Nikiteev
CCATTTCTTTGCCCTGACGTTTCGCGAACGCCTCCATCAAGCGA,DMT OFF,sumo optimize_F0-8,Nikiteev
AACGTCAGGGCAAAGAAATGGACAGCCTGCGCTTTCTGTATGACGGTATTCGT,DMT OFF,sumo optimize_F0-9,Nikiteev
CTTCTGGCGTTTGATCGGCCTGAATACGAATACCGTCATACAGAAAGC,DMT OFF,sumo optimize_F0-10,Nikiteev
GCCGATCAAACGCCAGAAGATCTGGATATGGAAGATAACGATATCATCGAAGCACA,DMT OFF,sumo optimize_F0-11,Nikiteev
ACCGCCGATCTGTTCGCGATGTGCTTCGATGATATCGTTATCTT,DMT OFF,sumo optimize_F0-12,Nikiteev
TCGCGAACAGATCGGCGGT,DMT OFF,sumo optimize_F0-13,Nikiteev
ATGGGCTCGTCCCAT,DMT OFF,sumo optimize_F0-F,Nikiteev
ACCGCCGATCTGTTC,DMT OFF,sumo optimize_F0-R,Nikiteev
CTTGCATGCAGGCCTCTGCAATGGGCTCGTCCCAT,DMT OFF,Sumo for PTZ forward,Nikiteev
CCTCGCGAATGCATCTAGATACCGCCGATCTGTTC,DMT OFF,Sumo for PTZ reverse,Nikiteev
GCACCAACACTTTATCATCGTTCAT,DMT OFF,Inp_Feng_F0-0,Nikiteev
ATGAACGATGATAAAGTGTTGGTGCTGCGCACCTGTGCGAACAAT,DMT OFF,Inp_Feng_F0-1,Nikiteev
GGCCAAATCTGGCCACAGTGATCCGCCATATTGTTCGCACAGGTGCGC,DMT OFF,Inp_Feng_F0-2,Nikiteev
CACTGTGGCCAGATTTGGCCGGTTAGTGGCGTTGTTGAGTGCAAA,DMT OFF,Inp_Feng_F0-3,Nikiteev
CAATTTACGCGTCGGTTCCCAGTATTTGCACTCAACAACGCCACT,DMT OFF,Inp_Feng_F0-4,Nikiteev
TGGGAACCGACGCGTAAATTGGAGAACGGTCTGGCCGGTCTGCTCTGGGGTAAAGGT,DMT OFF,Inp_Feng_F0-5,Nikiteev
GCGTCTGCCTGCATATTCAGATGGGTGCTCGCACCTTTACCCCAGAGCAGACC,DMT OFF,Inp_Feng_F0-6,Nikiteev
ATCTGAATATGCAGGCAGACGCACGCTGGGTTATCTGTGAAGTGG,DMT OFF,Inp_Feng_F0-7,Nikiteev
ACCCTGCGCATCCAGGAAGATGATATCTGACACGGCCACTTCACAGATAACCCAGCG,DMT OFF,Inp_Feng_F0-8,Nikiteev
CTTCCTGGATGCGCAGGGTGGCGTTAAATTCCCACGTGCGGA,DMT OFF,Inp_Feng_F0-9,Nikiteev
AACCTGCTGCTGAATTGCGGGTACCAACATGAACGACTTCCGCACGTGGGAATTTAACG,DMT OFF,Inp_Feng_F0-10,Nikiteev
CCGCAATTCAGCAGCAGGTTACATTAGTGCGAATATCGCGTCGTATG,DMT OFF,Inp_Feng_F0-11,Nikiteev
GAAACACAAAGGTTTCATTCAACGCCACTGTTGAGCTGGCATACGACGCGATATTCGCACT,DMT OFF,Inp_Feng_F0-12,Nikiteev
GCGTTGAATGAAACCTTTGTGTTTCCGGAAGTCCGCACCGAAACCAAAGTTGATTT,DMT OFF,Inp_Feng_F0-13,Nikiteev
TCAAAGGTGGAATCTGCGGTTGCCGGAGACGCTGGGAAATCAACTTTGGTTTCGGTGCG,DMT OFF,Inp_Feng_F0-14,Nikiteev
CAACCGCAGATTCCACCTTTGATATCGATCGTCATGCGACAATTCAGGG,DMT OFF,Inp_Feng_F0-15,Nikiteev
AACTGCGGTTTCCAGGGTTTGTGGACCCTGAATTGTCGCATGACGAT,DMT OFF,Inp_Feng_F0-16,Nikiteev
CAAACCCTGGAAACCGCAGTT,DMT OFF,Inp_Feng_F0-17,Nikiteev
ATGAACGATGATAAAGTGTTGGT,DMT OFF,Inp_Feng_F0-F,Nikiteev
AACTGCGGTTTCCAGG,DMT OFF,Inp_Feng_F0-R,Nikiteev
CTTGCATGCAGGCCTCTGCAATGAACGATGATAAAGTGTTGGT,DMT OFF,INP feng forward for ptz,Nikiteev
CCTCGCGAATGCATCTAGATAACTGCGGTTTCCAGG,DMT OFF,INP feng reverse for ptz,Nikiteev
CTTGCATGCAGGCCTC,DMT OFF,INP PTZ forward long,Nikiteev
CCTCGCGAATGCATCTAG,DMT OFF,INP PTZ reverse long,Nikiteev
CTTTAAGAAGGAGATATACCATGAACGATGATAAAGTGTT,DMT OFF,Inp to pet28 forward,Nikiteev
GGAACCGGGCTCGGGCTCATAACTGCGGTTTCCAGGGTTT,DMT OFF,Inp to TDT reverse,Nikiteev
TGCAGAGGCCTGCATG,DMT OFF,PTZ Forward,Nikiteev
ATCTAGATGCATTCGCGAGG,DMT OFF,Ptz Reverse,Nikiteev
NAN,nan,nan,nan
NAN,nan,nan,nan
GGTATATCTCCTTCTTAAAGTTAAACAAA,DMT OFF,Pet28 Forward,Nikiteev
CAAAGCCCGAAAGGAAG,DMT OFF,Pet28 Reverse,Nikiteev
GCTAGCCATATGGCTGCC,DMT OFF,Pet28 Forward + His Tag,Nikiteev
ATGAGCCCGAGCCC,DMT OFF,Tdt Forward,Nikiteev
TCACGCATTACGTTCCC,DMT OFF,Tdt Reverse,Nikiteev
CAGCTTCCTTTCGGGCTTTGTCACGCATTACGTTCCC,DMT OFF,Tdt to Pet28 reverse,Nikiteev
CAGCTTCCTTTCGGGC,DMT OFF,Tdt Pet28 reverse long,Nikiteev
CTTTAAGAAGGAGATATACCATGGG,DMT OFF,SUMO fo pet28 long forward,Nikiteev
CTTTAAGAAGGAGATATACCATGGGCTCGTCCCAT,DMT OFF,SUMO for pet28 forward,Nikiteev
GGAACCGGGCTCGGGCTCATACCGCCGATCTGTTC,DMT OFF,SUMO for TDT reverse,Nikiteev
CGCCAGGGTTTTCCCAGTCACGAC,DMT OFF,M13F,Nikiteev
AGCGGATAACAATTTCACACAGGA,DMT OFF,M13R,Nikiteev
TAATACGACTCACTATAGGG,DMT OFF,T7,Nikiteev
GCTAGTTATTGCTCAGCGG,DMT OFF,T7t,Nikiteev
TAATACGACTCACTATAGGG,DMT OFF,T7,Nikiteev
GCTAGTTATTGCTCAGCGG,DMT OFF,T7t,Nikiteev
GATTCTACTGATAAAGCCG,DMT ON,dCas-F1,FISUNOV
CAAAGCAATGAGATTCCC,DMT ON,dCas-R1,FISUNOV
CAAGAGGTTAAAAGTGAGATCTGTG,DMT ON,MGA_WhiA-F,FISUNOV
GCTGTTGTTCTTCTAGTTCGTG,DMT ON,MGA_WhiA-R,FISUNOV
GCGATCTTAGCAGTATCAATGG,DMT ON,MGA_eno-F,FISUNOV
ACCTTCATCACCTTTGTTAGTA,DMT ON,MGA_eno-R,FISUNOV
TTAAACAAGCCGCAATTAGGTC,DMT ON,MGA_RplC_F,FISUNOV
TACCCTTCATAACTCTTTGAGC,DMT ON,MGA_RplC_R,FISUNOV
ATCGGATCCCGGGCCCGTCGACTGCAGAGGCGCGCTTGGCGTAATCATGGTC,DMT ON,pRS426G-F2,FISUNOV
ATCTAGATGCATTCGCGAGGTACCGAGCTCCAAGCTTATCGATACCGTCG,DMT ON,pRS426G-R2,FISUNOV
