,where,Date,Sample Name,Nucleic Acid(ng/uL),A260/A280,A260/A230,A260,A280,Nucleic Acid Factor,Baseline Correction (nm),Baseline Absorbance,code,length,seq,monoisotopic_mass,e260_mM^-1cm^-1,corrected_molar_concentration_pmol/mkl,corrected_weght_concentration,corrected_Nucleic_Acid_Factor,pM/mkl,score,mkl,quantile,pmol,"final conc, pmol/mkl",target_well
0,A7,06.12.2023 9:57,Sample 1,400.46,2.01,1.52,12.14,6.03,33.0,340,0.03,VibriophageN4_F3-1,#= 50,CTG ATA AAC CAC AAG ATA TCT ATG GTA TCG TTG CTG TGA AAG TGA ATG AG,15496.0,505.7,24.0,371.85,30.64,25.84279814145586,True,6.0,5,144.0,0.53,1
1,B7,06.12.2023 9:57,Sample 2,415.57,1.82,1.1,12.59,6.94,33.0,340,0.02,VibriophageN4_F3-2,#= 58,CGT CTT CTG TAC CGC TAA TCA CAA GGT CAC GTA GTA CCT CAT TCA CTT TCA CAG CAA C,17631.34,542.0,23.23,409.65,32.53,23.569961216787835,True,6.0,4,139.38,0.51,1
2,C7,06.12.2023 9:58,Sample 3,382.94,2.13,1.13,11.6,5.45,33.0,340,0.04,VibriophageN4_F3-3,#= 44,GAT TAG CGG TAC AGA AGA CGA GAT GCA AAC TCT CGA AGA CAA GA,13664.85,459.1,25.28,345.39,29.76,28.023725104922484,True,5.0,6,126.4,0.46,1
3,D7,06.12.2023 9:59,Sample 4,318.82,1.7,1.47,9.66,5.67,33.0,340,0.0,VibriophageN4_F3-4,#= 45,AGA CGT TCA GTG ATT TCA CCA GTC TTC TTG TCT TCG AGA GTT TGC,13798.86,419.7,23.02,317.63,32.88,23.104807208711442,True,6.0,4,138.12,0.51,1
4,E7,06.12.2023 9:59,Sample 5,386.47,1.74,1.5,11.71,6.72,33.0,340,0.03,VibriophageN4_F3-5,#= 58,GGT GAA ATC ACT GAA CGT CTT GTG CTT GGT ACT CGC ACT CTG GCT GCT CAA TGG TTA G,17885.45,540.4,21.67,387.6,33.1,21.608066892362228,True,6.0,3,130.02,0.48,1
5,F7,06.12.2023 10:00,Sample 6,257.7,1.93,1.31,7.81,4.05,33.0,340,0.0,VibriophageN4_F3-6,#= 45,AGT TAC TGA GCG AGT CAC ACC ATA TTC TAA CCA TTG AGC AGC CAG,13797.9,441.4,17.69,244.1,31.26,18.676755158393668,False,7.0,,123.83000000000001,0.46,1
6,G7,06.12.2023 10:01,Sample 7,413.15,1.82,1.41,12.52,6.86,33.0,340,-0.0,VibriophageN4_F3-7,#= 54,TGT GAC TCG CTC AGT AAC TAA ACG CTC AGT TAT GAC TCT GGC TTA TGG CTC TAA,16561.64,509.1,24.59,407.29,32.53,24.946200980096176,True,5.0,6,122.95,0.45,1
7,H7,06.12.2023 10:02,Sample 8,424.99,1.96,1.25,12.88,6.55,33.0,340,0.0,VibriophageN4_F3-8,#= 49,CAA ACA CTT GGT CAG CAA AGC CAT ACT CTT TAG AGC CAT AAG CCA GAG T,15026.7,481.0,26.78,402.35,31.24,28.28232412971577,True,5.0,7,133.9,0.49,1
8,I7,06.12.2023 10:02,Sample 9,469.35,1.91,1.41,14.22,7.44,33.0,340,0.48,VibriophageN4_F3-9,#= 54,CTT TGC TGA CCA AGT GTT TGA AGA TAC TGT GAT GCC AGC TAT CGA CAA TGG CAA,16659.72,522.8,27.21,453.23,31.87,28.172742399031915,True,5.0,7,136.05,0.5,1
9,J7,06.12.2023 10:03,Sample 10,305.86,1.75,1.37,9.27,5.29,33.0,340,-0.03,VibriophageN4_F3-10,#= 38,CTC AGT GAA CAT TGC ACC TTT GCC ATT GTC GAT AGC TG,11619.48,352.3,26.31,305.71,32.98,26.323036831252345,True,5.0,7,131.54999999999998,0.48,1
10,K7,06.12.2023 10:04,Sample 11,410.98,1.8,1.42,12.45,6.92,33.0,340,0.02,VibriophageN4_F3-11,#= 56,AGG TGC AAT GTT CAC TGA GCC TTC ACA AGC TTG TCG TTT CAT GGC GAA ACT CAT TT,17195.04,525.9,23.68,407.2,32.7,23.90107845052992,True,6.0,5,142.07999999999998,0.52,1
11,L7,06.12.2023 10:04,Sample 12,382.66,1.89,1.19,11.6,6.14,33.0,340,-0.02,VibriophageN4_F3-12,#= 54,CAG CAG CTA CCA CAG TTT TAC TTA CAG CAT CCC AAA TGA GTT TCG CCA TGA AAC,16477.62,517.1,22.43,369.51,31.87,23.223014003235907,True,6.0,4,134.57999999999998,0.49,1
12,M7,06.12.2023 10:05,Sample 13,343.39,1.92,1.42,10.41,5.41,33.0,340,-0.01,VibriophageN4_F3-13,#= 57,AAA ACT GTG GTA GCT GCT GTA GAA GCT ATG CAA TGG TTA CAA TCA GCC GCT AAA CTG,17624.35,561.1,18.55,326.86,31.41,19.483839120307984,True,7.0,1,129.85,0.48,1
13,N7,06.12.2023 10:06,Sample 14,402.16,1.74,1.32,12.19,7.02,33.0,340,-0.01,VibriophageN4_F3-14,#= 52,GCC TGA CTT CTT GTC TTT CAC CTC AGA AGA CAC CAG TTT AGC GGC TGA TTG T,15911.2,478.0,25.5,405.67,33.29,25.27527779174418,True,5.0,6,127.5,0.47,1
14,O7,06.12.2023 10:07,Sample 15,295.23,2.07,1.38,8.95,4.32,33.0,340,-0.05,VibriophageN4_F3-15,#= 41,TGA AAG ACA AGA AGT CAG GCG AGA TTC TGA AAC ACG CAA TG,12733.25,424.1,21.09,268.6,30.02,23.185753833467498,True,6.0,2,126.53999999999999,0.47,1
15,P7,06.12.2023 10:08,Sample 16,396.86,1.81,1.32,12.03,6.64,33.0,340,-0.04,VibriophageN4_F3-16,#= 59,CAT ACA GGG AAA CCG TTA GGG GTT GTC CAG TGC ACA GGC ATT GCG TGT TTC AGA ATC TC,18241.7,569.4,21.12,385.27,32.04,21.755647774056147,True,6.0,2,126.72,0.47,1
16,A8,06.12.2023 10:12,Sample 17,324.84,1.92,1.46,9.84,5.13,33.0,340,0.01,VibriophageN4_F3-17,#= 42,CCT AAC GGT TTC CCT GTA TGG TCA GAG TAT TGC AAG CAA GAA,12937.34,411.7,23.91,309.34,31.42,25.108716320356425,True,6.0,5,143.46,0.53,1
17,B8,06.12.2023 10:13,Sample 18,388.98,1.84,1.15,11.79,6.39,33.0,340,-0.02,VibriophageN4_F3-18,#= 50,CCA AGG ATA ACG CAA TCA ATA CGC TTC TGT TCT TGC TTG CAA TAC TCT GA,15278.84,472.5,24.95,381.15,32.34,25.458739014218356,True,5.0,6,124.75,0.46,1
18,C8,06.12.2023 10:14,Sample 19,367.6,1.82,1.36,11.14,6.12,33.0,340,0.0,VibriophageN4_F3-19,#= 50,GTA TTG ATT GCG TTA TCC TTG GCA CTC ATC GCA TGG CGT TAA CCA TTA AC,15316.84,469.2,23.74,363.63,32.64,23.99972840350882,True,6.0,5,142.44,0.52,1
19,D8,06.12.2023 10:15,Sample 20,383.64,1.76,1.5,11.62,6.62,33.0,340,-0.01,VibriophageN4_F3-20,#= 58,GTT TGT TTT GCA GCG TCA ATC TCT TTC TTA TCG CGG ATG TTA ATG GTT AAC GCC ATG C,17816.41,535.3,21.72,386.92,33.28,21.53295753746125,True,6.0,3,130.32,0.48,1
20,E8,06.12.2023 10:15,Sample 21,355.08,1.84,1.3,10.76,5.86,33.0,340,0.02,VibriophageN4_F3-21,#= 53,TTG ACG CTG CAA AAC AAA CTT CAG GTA TCG CTC CTA ACT TCG TTC ACA GTA TG,16210.44,503.2,21.38,346.63,32.21,21.9044023481164,True,6.0,3,128.28,0.47,1
21,F8,06.12.2023 10:16,Sample 22,354.96,1.89,1.55,10.76,5.7,33.0,340,0.01,VibriophageN4_F3-22,#= 50,TGA CTG TCA TTT GTA GGT GAC TCG CGT CCA TAC TGT GAA CGA AGT TAG GA,15470.94,488.0,22.04,340.99,31.7,22.943660824746267,True,6.0,3,132.24,0.49,1
22,G8,06.12.2023 10:17,Sample 23,404.0,1.93,1.05,12.24,6.34,33.0,340,0.08,VibriophageN4_F3-23,#= 47,GTC ACC TAC AAA TGA CAG TCA ACA AGT GCT TCA AAG TGT ACG GTA TT,14454.34,466.9,26.22,378.99,30.96,27.950082812497836,True,5.0,7,131.1,0.48,1
23,H8,06.12.2023 10:17,Sample 24,409.88,2.02,1.33,12.42,6.14,33.0,340,0.19,VibriophageN4_F3-24,#= 55,AAC CAA AGC TAT CGT GAA TCA TAG CGA AGG AGT GAA TAC CGT ACA CTT TGA AGC A,16992.98,560.5,22.16,376.57,30.32,24.12054860301136,True,6.0,3,132.96,0.49,1
24,I8,06.12.2023 10:18,Sample 25,377.0,1.72,1.54,11.42,6.65,33.0,340,0.01,VibriophageN4_F3-25,#= 53,TGA TTC ACG ATA GCT TTG GTT GCC ATG CTG GTT TTG CTT CTA AGA TGT TCC GT,16307.44,486.3,23.49,383.09,33.53,23.118282207385096,True,6.0,5,140.94,0.52,1
25,J8,06.12.2023 10:18,Sample 26,341.26,1.93,1.29,10.34,5.35,33.0,340,-0.02,VibriophageN4_F3-26,#= 47,GTT TCC ACC ATT GTT TCA CGT ACT GCA CGG AAC ATC TTA GAA GCA AA,14381.28,452.8,22.84,328.44,31.76,23.729459408341956,True,6.0,4,137.04,0.5,1
26,K8,06.12.2023 10:19,Sample 27,407.55,2.1,1.51,12.35,5.88,33.0,340,0.29,VibriophageN4_F3-27,#= 49,CGT GAA ACA ATG GTG GAA ACT TAT GAA GAA CAT GAT GTA ATC CAA GAG T,15233.86,508.8,24.27,369.77,29.94,26.752904385362605,True,6.0,5,145.62,0.54,1
27,L8,06.12.2023 10:20,Sample 28,448.18,1.85,1.45,13.58,7.34,33.0,340,0.2,VibriophageN4_F3-28,#= 58,AGA TTC GTG AAG TTG TTG CTC AAA CTG ATT GTA GAA CTC TTG GAT TAC ATC ATG TTC T,17881.5,560.5,24.23,433.27,31.9,25.063892850152392,True,6.0,5,145.38,0.53,1
28,M8,06.12.2023 10:20,Sample 29,298.8,2.01,1.17,9.05,4.51,33.0,340,0.04,VibriophageN4_F3-29,#= 45,AGC AAC AAC TTC ACG AAT CTC AAA TTG AAA AGA TGC CAG TTC TAC,13773.93,447.2,20.25,278.87,30.8,21.69315511259314,True,7.0,1,141.75,0.52,1
29,N8,06.12.2023 10:21,Sample 30,291.65,1.77,1.44,8.84,4.99,33.0,340,0.0,VibriophageN4_F3-30,#= 42,TCC AAG TTA CCT TTG CGT GGT AGA ACT GGC ATC TTT TCA ATT,12860.28,391.2,22.59,290.54,32.87,22.678355370178565,True,6.0,4,135.54,0.5,1
30,O8,06.12.2023 10:22,Sample 31,355.6,2.0,1.23,10.78,5.4,33.0,340,-0.01,VibriophageN4_F3-31,#= 50,CAC GCA AAG GTA ACT TGG AAC TGA GAG AAA TCC TCA AAT CTC TAT ACA CT,15338.92,495.6,21.74,333.52,30.95,23.18285772401186,True,6.0,3,130.44,0.48,1
31,P8,06.12.2023 10:22,Sample 32,369.13,2.02,1.55,11.19,5.55,33.0,340,0.01,VibriophageN4_F3-32,#= 54,CCT AAA GTC AAG CGT TGT TAT TAA GAG AAA GTG TAT AGA GAT TTG AGG ATT TCT,16776.83,550.0,20.34,341.21,30.5,22.002368743081973,True,7.0,1,142.38,0.52,1
32,A9,06.12.2023 10:23,Sample 33,357.2,1.74,1.53,10.82,6.21,33.0,340,0.02,VibriophageN4_F3-33,#= 46,TTA ATA ACA ACG CTT GAC TTT AGG CCA CCT TCG GGT GGT CTT TTT T,14087.05,423.3,25.57,360.21,33.28,25.356621861922832,True,5.0,7,127.85,0.47,1
33,B9,06.12.2023 10:23,Sample 34,371.71,2.12,1.42,11.26,5.31,33.0,340,0.06,VibriophageN4_F3-34,#= 51,AGT GTG GGT TAA TTC AGA GTA TTA CGG AGG ATA AAA AAG ACC ACC CGA AGG,15893.26,531.2,21.2,337.01,29.92,23.38790153813629,True,6.0,2,127.19999999999999,0.47,1
34,C9,06.12.2023 10:24,Sample 35,362.47,1.89,1.16,10.98,5.8,33.0,340,0.03,VibriophageN4_F3-35,#= 43,AAT ACT CTG AAT TAA CCC ACA CTA TAT ATC GTG CGC GTA TTC C,13080.45,413.8,26.54,347.21,31.61,27.710820346394808,True,5.0,7,132.7,0.49,1
35,D9,06.12.2023 10:25,Sample 36,286.5,2.02,1.09,8.68,4.29,33.0,340,0.1,VibriophageN4_F3-36,#= 58,GTG TGG GTT AAT TCA GGA GGG AGG CGC TCA GAT ATA AAG GAA TAC GCG CAC GAT ATA T,18098.64,591.6,14.68,265.61,30.59,15.829918712124227,False,9.0,,132.12,0.49,1
36,E9,06.12.2023 10:25,Sample 37,304.59,1.84,1.06,9.23,5.01,33.0,340,0.05,VibriophageN4_F3-37,#= 47,CCT CCT GAA TTA ACC CAC ACT ATA GGA ACT AAC ATT CAA CCT TTC TC,14205.18,441.0,20.93,297.31,32.21,21.442178135018352,True,6.0,2,125.58,0.46,1
37,F9,06.12.2023 10:26,Sample 38,434.49,1.91,1.64,13.17,6.89,33.0,340,0.36,VibriophageN4_F3-38,#= 61,CTT AAA GTT TGT CAT ATT GAT AAT CTC CTA TGT GAT TTG AGA AAG GTT GAA TGT TAG TTC C,18842.13,599.3,21.97,413.94,31.44,23.05949486602629,True,6.0,3,131.82,0.48,1
38,G9,06.12.2023 10:26,Sample 39,376.96,2.07,1.4,11.42,5.53,33.0,340,-0.0,VibriophageN4_F3-39,#= 55,GGA GAT TAT CAA TAT GAC AAA CTT TAA GAT TAA TCC ATT CAA AGC AGT TTC ATT C,16897.94,553.4,20.64,348.8,30.53,22.308044649229434,True,6.0,2,123.84,0.46,1
39,H9,06.12.2023 10:27,Sample 40,347.38,1.87,1.19,10.53,5.62,33.0,340,0.01,VibriophageN4_F3-40,#= 44,CCT TTT GAA TGG CTG ACT CTT TGA ATG AAA CTG CTT TGA ATG GA,13566.74,416.4,25.28,342.98,32.58,25.605266998556765,True,5.0,6,126.4,0.46,1
40,I9,06.12.2023 10:28,Sample 41,410.5,1.91,1.61,12.44,6.5,33.0,340,0.4,VibriophageN4_F3-41,#= 56,AGA GTC AGC CAT TCA AAA GGT GAT GGA ACT TGG AGG CGT TAT TGC TGC TGT TAA AT,17397.19,553.7,22.47,390.83,31.42,23.59576460336411,True,6.0,4,134.82,0.5,1
41,J9,06.12.2023 10:28,Sample 42,374.18,2.0,1.27,11.34,5.68,33.0,340,0.07,VibriophageN4_F3-42,#= 60,CGG TCG GTG TAA TCA CTA AGT GAC AGC GTA GAC CAT CAT ATT TAA CAG CAG CAA TAA CGC,18484.91,597.4,18.98,350.85,30.94,20.242457225921036,True,7.0,1,132.86,0.49,1
42,K9,06.12.2023 10:29,Sample 43,387.2,1.87,1.27,11.73,6.29,33.0,340,0.06,VibriophageN4_F3-43,#= 42,CTT AGT GAT TAC ACC GAC CGC TGA TAT CCA AGG TAA ACC TGC,12842.28,402.8,29.13,374.08,31.88,30.150409428855312,False,5.0,,145.65,0.54,1
43,L9,06.12.2023 10:29,Sample 44,321.28,1.92,1.44,9.74,5.08,33.0,340,0.05,VibriophageN4_F3-44,#= 48,GTA CGG GAT ATA GCG ACC ATG CGA GCA GCA GGT TTA CCT TGG ATA TCA,14856.56,476.0,20.45,303.87,31.21,21.625463768193985,True,7.0,1,143.15,0.53,1
44,M9,06.12.2023 10:30,Sample 45,415.43,1.82,1.37,12.59,6.94,33.0,340,0.21,VibriophageN4_F3-45,#= 62,TGG TCG CTA TAT CCC GTA CAG ACA AGG CTA TTC CAG CTT TAC GTG AAC TAT TCA TTA GTG CT,19008.2,589.2,21.37,406.13,32.26,21.855304552771962,True,6.0,2,128.22,0.47,1
45,N9,06.12.2023 10:31,Sample 46,276.57,2.09,1.33,8.38,4.01,33.0,340,0.17,VibriophageN4_F3-46,#= 33,AGC ACT AAT GAA TAG TTC ACG TAA AGC TGG AAT,10193.63,338.8,24.74,252.16,30.09,27.131649863689386,True,5.0,6,123.69999999999999,0.45,1
