;where;Date;Sample Name;Nucleic Acid(ng/uL);A260/A280;A260/A230;A260;A280;Nucleic Acid Factor;Baseline Correction (nm);Baseline Absorbance;code;length;seq;monoisotopic_mass;pM/mkl;score;mkl;quantile;pmol;final conc, pmol/mkl;target_well
43;N15;06.03.2023 14:54;F1-1 44;1866,262;1,906;1,355;56,553;29,678;33;340;0,461;Unnamedsequence_F2-0;#= 29;CAC CAG GCC GTA AAT CTC CAT GGG ACT GA;8871,74;210,3603126;False;5;;1051,801563;2,05;1
44;O15;06.03.2023 14:55;F1-1 45;2753,228;1,839;1,453;83,431;45,358;33;340;-0,669;Unnamedsequence_F2-1;#= 69;TCA GTC CCA TGG AGA TTT ACG GCC TGG TGC AGC AAT CGC ACT ATG CGG ATC AGC TGG ACA AGC TGG CGC;21302,63;129,2435723;True;7;5;904,7050059;1,76;1
45;P15;06.03.2023 14:56;F1-1 46;2603,997;1,655;1,481;78,909;47,673;33;340;-0,903;Unnamedsequence_F2-2;#= 69;GGC CAG CAA GGC GTC GCC CTC GTA ACC GTA TGC GCT CGA TTC CTG CGC CAG CTT GTC CAG CTG ATC CGC;21102,45;123,3978519;True;7;5;863,7849634;1,68;1
46;A16;06.03.2023 14:56;F1-1 47;1530,612;1,816;1,286;46,382;25,536;33;340;0,611;Unnamedsequence_F2-3;#= 52;ACG AGG GCG ACG CCT TGC TGG CCC AGC TGT ATC GCG ACA AGA CGG CCG CCG A;16026,25;95,50655955;True;18;2;1719,118072;3,34;1
47;B16;06.03.2023 14:57;F1-1 48;2426,488;1,786;1,463;73,53;41,171;33;340;-1,002;Unnamedsequence_F2-4;#= 70;GCC CCC ACC GTG CTC AGG ACG GCG GAG ACG CCG GCG ACG GCG CCC TCG GCG GCC GTC TTG TCG CGA TAC A;21517,69;112,7671232;True;12;3;1353,205479;2,63;1
48;C16;06.03.2023 14:57;F1-1 49;1331,606;1,741;1,594;40,352;23,177;33;340;0,51;Unnamedsequence_F2-5;#= 68;GCC GTC CTG AGC ACG GTG GGG GCG GCG GTG TCG ATC GCC GCG GCG GCC AGC GTG GTA GGG GCC CCG GT;21178,43;62,87557671;False;17;;1068,884804;2,08;1
49;D16;06.03.2023 14:58;F1-1 50;2026,531;1,767;1,333;61,41;34,75;33;340;0,247;Unnamedsequence_F2-6;#= 59;TTG AGA GCC CCG GTC AGC AAG GAA GTG ACC ACC GCC ACC GGG GCC CCT ACC ACG CTG GC;18098,57;111,9718851;True;12;3;1343,662621;2,61;1
50;E16;06.03.2023 14:58;F1-1 51;2730,857;1,778;1,372;82,753;46,555;33;340;-0,106;Unnamedsequence_F2-7;#= 69;TCA CTT CCT TGC TGA CCG GGG CTC TCA ACG GCA TCC TGC GCG GCG TGC AGC AGC CCA TCA TCG AAA AGC;21119,49;129,3050637;True;7;5;905,135446;1,76;1
51;F16;06.03.2023 14:59;F1-1 52;2019,75;1,752;1,536;61,205;34,94;33;340;0,117;Unnamedsequence_F2-8;#= 61;AGC TCG TCG ATC TTG CGA GCG TAA TCG TTG GCC AGC TTT TCG ATG ATG GGC TGC TGC ACG C;18810,01;107,3763384;True;12;3;1288,516061;2,51;1
52;G16;06.03.2023 15:00;F1-1 53;2621,256;1,926;1,352;79,432;41,25;33;340;0,168;Unnamedsequence_F2-9;#= 63;AAC GAT TAC GCT CGC AAG ATC GAC GAG CTG GGC GGG CCG CAA GCG TAC TTC GAG AAA AAC CTG;19484,5;134,530319;True;7;5;941,7122328;1,83;1
53;H16;06.03.2023 15:00;F1-1 54;1953,993;1,712;1,599;59,212;34,583;33;340;-0,151;Unnamedsequence_F2-10;#= 67;AGG CCG TCC GAA TTG GCC AGT TGT TCG TGA CGC GCC TGC AGG TTT TTC TCG AAG TAC GCT TGC GGC C;20640,16;94,66946962;True;35;1;3313,431437;6,45;1
54;I16;06.03.2023 15:01;F1-1 55;2464,309;1,957;1,408;74,676;38,161;33;340;0,272;Unnamedsequence_F2-11;#= 63;CGA ACA ACT GGC CAA TTC GGA CGG CCT ACG GAA AAT GCT GGC CGA CCT GCA GGC CGG TTG GAA;19476,48;126,5274321;True;7;5;885,6920244;1,72;1
55;J16;06.03.2023 15:01;F1-1 56;2532,672;1,703;1,486;76,748;45,054;33;340;-0,168;Unnamedsequence_F2-12;#= 66;TTG GAA ATC TCT GTC GTC TGC ACC CCG ATC ACG CTG CTG GCG TTC CAA CCG GCC TGC AGG TCG GCC;20185,87;125,4675672;True;7;5;878,2729702;1,71;1
56;K16;06.03.2023 15:02;F1-1 57;2355,524;1,84;1,408;71,38;38,79;33;340;0,001;Unnamedsequence_F2-13;#= 67;GAT CGG GGT GCA GAC GAC AGA GAT TTC CAA GTC GGC GCT CGA ACT GGC CGC CAT TAC CGG CAA CGC G;20704,24;113,7701263;True;12;3;1365,241516;2,66;1
57;L16;06.03.2023 15:03;F1-1 58;2495,22;1,823;1,576;75,613;41,466;33;340;-0,095;Unnamedsequence_F2-14;#= 59;CGG TCC ACG AAC ACG TCG ACG GAT TTC AGG TTG TCC GCG TTG CCG GTA ATG GCG GCC AG;18220,64;136,9446957;True;7;5;958,6128698;1,87;1
58;M16;06.03.2023 15:04;F1-1 59;1890,157;1,747;1,609;57,277;32,789;33;340;0,141;Unnamedsequence_F2-15;#= 52;TGA AAT CCG TCG ACG TGT TCG TGG ACC GCT TCG TCC AGG GCG AGC GGG TGG C;16109,28;117,3334252;True;9;4;1056,000827;2,05;1
59;N16;06.03.2023 15:05;F1-1 60;1903,688;1,783;1,367;57,688;32,354;33;340;0,321;Unnamedsequence_F2-16;#= 53;CGG CGA CGT CGA GGA CCA CCG GCT GGC CGG CCA CCC GCT CGC CCT GGA CGA AG;16277,38;116,952974;True;9;4;1052,576766;2,05;1
60;O16;06.03.2023 15:05;F1-1 61;1611,959;1,81;1,439;48,847;26,993;33;340;0,442;Unnamedsequence_F2-17;#= 54;GCC GGT GGT CCT CGA CGT CGC CGC CGG CGG CAT CGA TAT CGC CAG CCG CAA GGG;16627,6;96,94477856;True;18;2;1745,006014;3,39;1
61;P16;06.03.2023 15:06;F1-1 62;2459,952;1,781;1,556;74,544;41,86;33;340;-0,382;Unnamedsequence_F2-18;#= 64;CGG CCA GCG GCG TGA TGA ACG TCA GCG CCG GCC GCT CGC CCT TGC GGC TGG CGA TAT CGA TGC C;19708,55;124,8164883;True;7;5;873,7154179;1,7;1
62;A17;06.03.2023 15:08;F1-1 63;1816,495;1,879;1,329;55,045;29,291;33;340;0,505;Unnamedsequence_F2-19;#= 60;CTG ACG TTC ATC ACG CCG CTG GCC GCG CCA GGA GAA GAG CAG CGC CGG CGC ACG AAA ACG;18500,84;98,18446081;True;12;3;1178,21353;2,29;1
63;B17;06.03.2023 15:09;F1-1 64;1978,59;1,631;1,633;59,957;36,761;33;340;-1,076;Unnamedsequence_F2-20;#= 65;CTT GCC CAC GAT CTC GAC GAA TGT GGT GAA TTC GCT CTT GCC CGT TTT CGT GCG CCG GCG CTG CT;19908,69;99,38323416;True;12;3;1192,59881;2,32;1
64;C17;06.03.2023 15:09;F1-1 65;2374,765;1,813;1,379;71,963;39,7;33;340;-0,239;Unnamedsequence_F2-21;#= 73;TCA CCA CAT TCG TCG AGA TCG TGG GCA AGC AGG ACC GCT GGC GCA TCC GGG ACG GCG CGG CCG ACA CCA CCA T;22464,34;105,7126539;True;12;3;1268,551847;2,47;1
65;D17;06.03.2023 15:10;F1-1 66;1911,492;1,726;1,551;57,924;33,566;33;340;-0,13;Unnamedsequence_F2-22;#= 55;CGA CCA GTT GCG ACA CCA CCT TGG CCA GAT CGA TGG TGG TGT CGG CCG CGC CGT C;16905,79;113,0672982;True;12;3;1356,807579;2,64;1
66;E17;06.03.2023 15:10;F1-1 67;2385,94;1,877;1,43;72,301;38,523;33;340;0,184;Unnamedsequence_F2-23;#= 68;GGC CAA GGT GGT GTC GCA ACT GGT CGA CGC CAA TGG CGT GCT CAA GCA CAG CAT CAA ACT GGA TGT GA;21071,49;113,2307208;True;12;3;1358,768649;2,64;1
67;F17;06.03.2023 15:11;F1-1 68;2074,154;1,78;1,437;62,853;35,313;33;340;-0,602;Unnamedsequence_F2-24;#= 66;ATT GGC AAG CAC GAC GTC ATC GCC ATC TCC GCC GAT CAC ATC CAG TTT GAT GCT GTG CTT GAG CAC;20200,93;102,6761639;True;12;3;1232,113967;2,4;1
68;G17;06.03.2023 15:11;F1-1 69;2455,3;1,848;1,567;74,403;40,258;33;340;-0,397;Unnamedsequence_F2-25;#= 62;AGA TGG CGA TGA CGT CGT GCT TGC CAA TGC TTC GCG CAT CCA TTA TGA CGG CGG CGC GGG CA;19167,24;128,0987769;True;7;5;896,6914381;1,74;1
69;H17;06.03.2023 15:12;F1-1 70;2183,543;1,804;1,512;66,168;36,68;33;340;-0,814;Unnamedsequence_F2-26;#= 62;ATC CTG TCG ACC CAG GGC GGC ATA GCT GAC CGT GTT GGT GCC CGC GCC GCC GTC ATA ATG GA;19088,18;114,3924146;True;9;4;1029,531731;2;1
70;I17;06.03.2023 15:12;F1-1 71;2197,854;1,756;1,529;66,602;37,926;33;340;-0,673;Unnamedsequence_F2-27;#= 57;GCT ATG CCG CCC TGG GTC GAC AGG ATT CCA TTA CCG TGT CCG CCG ACG GGG AAC GTT;17538,2;125,3181056;True;7;5;877,2267393;1,71;1
71;J17;06.03.2023 15:13;F1-1 72;2405,846;1,759;1,532;72,904;41,446;33;340;-1,001;Unnamedsequence_F2-28;#= 65;GCG ATA CAC GTT GGC GTT GTT CAA CTG CTT GCG CAC GTT GAA ACG TTC CCC GTC GGC GGA CAC GG;20024,79;120,1433823;True;9;4;1081,29044;2,1;1
72;K17;06.03.2023 15:14;F1-1 73;2557,552;1,907;1,339;77,502;40,64;33;340;-0,677;Unnamedsequence_F2-29;#= 72;AGC AGT TGA ACA ACG CCA ACG TGT ATC GCG AAG GCG TGG CTA CCC AGA CAA CCG CCT ACG GCA AGC GCA CGG;22200,23;115,2038515;True;9;4;1036,834663;2,02;1
73;L17;06.03.2023 15:14;F1-1 74;2519,719;1,766;1,676;76,355;43,247;33;340;-0,482;Unnamedsequence_F2-30;#= 66;GCC CGA CAC GGG CCA GCT CGA CAT GGC GGT ATT GGA CAT TCT CCG TGC GCT TGC CGT AGG CGG TTG;20370,98;123,6915946;True;7;5;865,8411623;1,68;1
74;M17;06.03.2023 15:15;F1-1 75;2187,715;1,809;1,547;66,294;36,641;33;340;-0,406;Unnamedsequence_F2-31;#= 51;ATG TCG AGC TGG CCC GTG TCG GGC AAC TGG TGG AGG TCG ACA CGC TCG AGC;15814,1;138,3395198;True;7;5;968,3766386;1,88;1
75;N17;06.03.2023 15:15;F1-1 76;1965,27;1,703;1,438;59,554;34,97;33;340;-0,727;Unnamedsequence_F2-32;#= 55;GCC GGC CCC GCC GAT GAT GTG CTG CAC ATG CTC GAG CGT GTC GAC CTC CAC CAG T;16825,74;116,8014007;True;9;4;1051,212606;2,05;1
76;O17;06.03.2023 15:16;F1-1 77;2241,699;1,841;1,353;67,93;36,892;33;340;-0,24;Unnamedsequence_F2-33;#= 69;AGC ACA TCA TCG GCG GGG CCG GCA ACG ATT CGA TCA CCG GCA ATG CGC ACG ACA ACT TCC TAG CCG GCG;21211,57;105,682842;True;12;3;1268,194104;2,47;1
77;P17;06.03.2023 15:16;F1-1 78;2530,427;1,687;1,56;76,68;45,463;33;340;-0,216;Unnamedsequence_F2-34;#= 57;GGC GCC GCC ATC CAG CCT GTC GTC GCC CGA CCC GCC GGC TAG GAA GTT GTC GTG CGC;17461,12;144,9177945;True;7;5;1014,424562;1,97;1
78;A18;06.03.2023 15:17;F1-1 79;2351,286;1,918;1,381;71,251;37,153;33;340;-0,432;Unnamedsequence_F2-35;#= 59;ACG ACA GGC TGG ATG GCG GCG CCG GCA ACG ACA CCC TGG TTG GCG GCG AGG GCC AAA AC;18307,7;128,4315343;True;7;5;899,0207399;1,75;1
79;B18;06.03.2023 15:17;F1-1 80;1935,602;1,76;1,451;58,655;33,334;33;340;0,429;Unnamedsequence_F2-36;#= 60;AGG AAT ACG TCG TCG CCG GCG CCG CCG ATG ACC GTG TTT TGG CCC TCG CCG CCA ACC AGG;18415,75;105,1057926;True;12;3;1261,269511;2,45;1
80;C18;06.03.2023 15:18;F1-1 81;1608,865;1,853;1,416;48,753;26,315;33;340;0,53;Unnamedsequence_F2-37;#= 56;CGG CGC CGG CGA CGA CGT ATT CCT GCA GGA CCT GGG GGT ATG GAG CAA CCA GCT CG;17333,07;92,82054477;True;35;1;3248,719067;6,32;1
81;D18;06.03.2023 15:18;F1-1 82;2110,416;1,698;1,446;63,952;37,673;33;340;-0,825;Unnamedsequence_F2-38;#= 54;TCA CGG TAT CGA CGC CCG CGC CGC CAT CGA GCT GGT TGC TCC ATA CCC CCA GGT;16456,51;128,2420149;True;7;5;897,694104;1,75;1
82;E18;06.03.2023 15:19;F1-1 83;2389,149;1,876;1,427;72,398;38,599;33;340;-0,735;Unnamedsequence_F2-39;#= 52;CGG CGC GGG CGT CGA TAC CGT GAA GTA CAA CGT GCA CCA GCC TTC CGA GGA G;16065,28;148,7150551;True;6;6;892,2903305;1,74;1
83;F18;06.03.2023 15:20;F1-1 84;2670,574;1,752;1,616;80,926;46,184;33;340;-0,703;Unnamedsequence_F2-40;#= 59;GGA TGC CCG TGT CGC CCA TGC GTT CGA GGC GCT CCT CGG AAG GCT GGT GCA CGT TGT AC;18203,6;146,7058164;True;6;6;880,2348986;1,71;1
84;G18;06.03.2023 15:20;F1-1 85;2439,769;1,882;1,388;73,932;39,276;33;340;-0,778;Unnamedsequence_F2-41;#= 54;GAA CGC ATG GGC GAC ACG GGC ATC CAT GCC GAT CTT CAA AAG GGC ACG GTC GAG;16715,72;145,9565607;True;7;5;1021,695925;1,99;1
85;H18;06.03.2023 15:21;F1-1 86;2467,205;1,812;1,471;74,764;41,261;33;340;-0,804;Unnamedsequence_F2-42;#= 68;TGA CAT GGT CGA CGC TGA ACA GGT TCA GGG CCG GCC ACT TCT CGA CCG TGC CCT TTT GAA GAT CGG CA;20940,38;117,8204502;True;9;4;1060,384052;2,06;1
86;I18;06.03.2023 15:22;F1-1 87;2596,811;1,786;1,363;78,691;44,057;33;340;-0,857;Unnamedsequence_F2-43;#= 65;CCT GAA CCT GTT CAG CGT CGA CCA TGT CAA GAA TAT CGA GAA TCT GCA CGG CTC CCG CCT GAA CG;19914,77;130,3962335;True;7;5;912,7736348;1,78;1
87;J18;06.03.2023 15:22;F1-1 88;2362,323;1,712;1,592;71,586;41,825;33;340;-0,877;Unnamedsequence_F2-44;#= 67;GCC CCA GAG CTC GTT GTC CTG GTC GTC GCC GGC GAT GCG GTC GTT CAG GCG GGA GCC GTG CAG ATT C;20692,16;114,1651234;True;12;3;1369,981481;2,67;1
88;K18;06.03.2023 15:23;F1-1 89;1904,692;1,95;1,33;57,718;29,599;33;340;0,536;Unnamedsequence_F2-45;#= 53;ACG ACC AGG ACA ACG AGC TCT GGG GCC ACG ATG GCA ACG ACA CGA TAC GCG GC;16365,51;116,3845184;True;9;4;1047,460666;2,04;1
89;L18;06.03.2023 15:24;F1-1 90;2283,523;1,665;1,657;69,198;41,554;33;340;-0,366;Unnamedsequence_F2-46;#= 58;AGG CCG CCG CGC AGG ATG TCG TCG CCG CCC CGG CCG CGT ATC GTG TCG TTG CCA TCG T;17796,32;128,3143369;True;7;5;898,2003583;1,75;2
90;M18;06.03.2023 15:24;F1-1 91;2907,066;1,888;1,465;88,093;46,651;33;340;-0,803;Unnamedsequence_F2-47;#= 60;GAC GAC ATC CTG CGC GGC GGC CTG GGC CTG GAC ACG CTG TAT GGC GAG GAC GGC AAC GAC;18578,86;156,4717103;True;5;7;782,3585516;1,52;2
91;N18;06.03.2023 15:25;F1-1 92;2501,362;1,725;1,529;75,799;43,935;33;340;-0,521;Unnamedsequence_F2-48;#= 67;TCG ATG TCA TCG CTG ACG GTC TCG TCG TCC TGC AGG AAG ATG TCG TTG CCG TCC TCG CCA TAC AGC G;20569,12;121,6076332;True;9;4;1094,468699;2,13;2
92;O18;06.03.2023 15:26;F1-1 93;1593,197;1,999;1,341;48,279;24,147;33;340;0,181;Unnamedsequence_F2-49;#= 29;GAC GAC GAG ACC GTC AGC GAT GAC ATC GA;8945,79;178,0946121;False;6;;1068,567673;2,08;1
