GTGCCAGCMGCCGCGGTAA,DMT ON,515F,VVEDENSKII
GGACTACHVGGGTWTCTAAT,DMT ON,806R,VVEDENSKII
AGAGTTTGATYMTGGCTCAG,DMT ON,27F,VVEDENSKII
GCTGCCTCCCGTAGGAGT,DMT ON,338R,VVEDENSKII
AGGAGGTTTAAGATATGACTTCTAAGGTTTATGATCCTGAATTAAGAAAAAGA,DMT ON,rLuc-myco_F0-1,Alekhina
ACTGAGGTCCTGTAATCATTCTTTTTCTTAATTCAGGATCAT,DMT ON,rLuc-myco_F0-2,Alekhina
ATGATTACAGGACCTCAGTGGTGGGCAAGATGTAAACAAAT,DMT ON,rLuc-myco_F0-3,Alekhina
ATAAATGAATCAAGCACGTTCATTTGTTTACATCTTGCCC,DMT ON,rLuc-myco_F0-4,Alekhina
AACGTGCTTGATTCATTTATTAATTACTATGATTCTGAAAAACATGCTGAG,DMT ON,rLuc-myco_F0-5,Alekhina
CATTACCATGTAAAAAAATCACAGCATTCTCAGCATGTTTTTCAGAA,DMT ON,rLuc-myco_F0-6,Alekhina
TGTGATTTTTTTACATGGTAATGCTGCGTCATCATATTTATGGCG,DMT ON,rLuc-myco_F0-7,Alekhina
GGTTCAACATGAGGAACTACGTGACGCCATAAATATGATGACG,DMT ON,rLuc-myco_F0-8,Alekhina
TAGTTCCTCATGTTGAACCTGTTGCAAGATGTATCATCCCAGACCTAATTG,DMT ON,rLuc-myco_F0-9,Alekhina
CAGATTTACCTGATTTTCCCATACCAATTAGGTCTGGGATGAT,DMT ON,rLuc-myco_F0-10,Alekhina
GGGAAAATCAGGTAAATCTGGTAATGGTTCTTATAGATTATTAGACCATTATAAGT,DMT ON,rLuc-myco_F0-11,Alekhina
TTAAGTGTTTAAACCACTCAGTTAAATACTTATAATGGTCTAATAATCTATAAGA,DMT ON,rLuc-myco_F0-12,Alekhina
CTGAGTGGTTTAAACACTTAAACTTACCTAAGAAAATTATTTTTGTTG,DMT ON,rLuc-myco_F0-13,Alekhina
ACAATAATGAAAAGCTAAACATGCACCCCAATCGTGTCCAACAAAAATAATTTTCTTAGGTAAG,DMT ON,rLuc-myco_F0-14,Alekhina
CATGTTTAGCTTTTCATTATTGTTACGAACACCAGGATAGAATTAAGGC,DMT ON,rLuc-myco_F0-15,Alekhina
ATAACATCTACAACAGACTCAGCGTGCACTACTGCCTTAATTCTATCCTGGT,DMT ON,rLuc-myco_F0-16,Alekhina
TGAGTCTGTTGTAGATGTTATTGAATCTTGGGATGAATGGCCTGATATCGAAGAGGATAT,DMT ON,rLuc-myco_F0-17,Alekhina
TTTTTCACCTTCTTCAGATTTGATAAGAGCAATATCCTCTTCGATATCAGG,DMT ON,rLuc-myco_F0-18,Alekhina
AAATCTGAAGAAGGTGAAAAAATGGTATTAGAAAACAATTTTTTTGTTGAAACAATG,DMT ON,rLuc-myco_F0-19,Alekhina
TTCAGGTTCTAACTTTCTCATAATTTTAGAAGGTAACATTGTTTCAACAAAAAAATTGT,DMT ON,rLuc-myco_F0-20,Alekhina
TGAGAAAGTTAGAACCTGAAGAATTCGCAGCATATTTAGAACCATT,DMT ON,rLuc-myco_F0-21,Alekhina
CTTCTAACTTCTCCTTTTTCTTTAAATGGTTCTAAATATGCTGC,DMT ON,rLuc-myco_F0-22,Alekhina
AAGAAAAAGGAGAAGTTAGAAGACCTACCTTATCGTGGCCGAGAGAAATCCCGTTAGTTAA,DMT ON,rLuc-myco_F0-23,Alekhina
TTCAACAACATCAGGTTTACCACCTTTAACTAACGGGATTTCTCT,DMT ON,rLuc-myco_F0-24,Alekhina
GTAAACCTGATGTTGTTGAAATTGTTAGAAATTATAATGCATATCTTAG,DMT ON,rLuc-myco_F0-25,Alekhina
GAACATCTTTGGTAAATCGTGCGAAGCTCTAAGATATGCATTATAATTTCTAACA,DMT ON,rLuc-myco_F0-26,Alekhina
ACGATTTACCAAAGATGTTCATTGAATCAGATCCTGGTTTTTTCT,DMT ON,rLuc-myco_F0-27,Alekhina
AAATTTTTTAGCCCCTTCAACAATTGCATTTGAGAAAAAACCAGGATCTGA,DMT ON,rLuc-myco_F0-28,Alekhina
TTGAAGGGGCTAAAAAATTTCCAAACACCGAATTCGTGAAAGTTAAAGGTTTACATTT,DMT ON,rLuc-myco_F0-29,Alekhina
ATAATTTCCCATTTCATCAGGTGCATCTTCTTGAGAAAAATGTAAACCTTTAACTTTCAC,DMT ON,rLuc-myco_F0-30,Alekhina
CCTGATGAAATGGGAAATTATATTAAGTCATTTGTTGAACGTGTTTTAAAGAACGAACAATAA,DMT ON,rLuc-myco_F0-31,Alekhina
TTATTGTTCGTTCTTTAAAACACGTTCAACAAATGA,DMT ON,rLuc-myco_F0-32,Alekhina
CGACGGGCCCGGGATCCGATAGGAGGTTTAAGATATGACTTCTAAG,DMT ON,rLuc-myco_F0_P-F_(pTZ/F),Alekhina
CCTCGCGAATGCATCTAGATTTATTGTTCGTTCTTTAAAACACGT,DMT ON,rLuc-myco_F0_P-R_(pTZ/F),Alekhina
AGGAGGTTTAAGATATGTCAAAAGGTGAAGAATTATTCACAGGAGTT,DMT ON,sfGFP-myco_F0-1,Alekhina
TTTACATCACCGTCTAACTCCACTAAGATTGGAACAACTCCTGTGAATAATTCTTC,DMT ON,sfGFP-myco_F0-2,Alekhina
AGTTAGACGGTGATGTAAATGGACATAAATTTTCAGTTCGTG,DMT ON,sfGFP-myco_F0-3,Alekhina
TTAGTTTACCAATCGTTGCATCCCCCTCTCCCTCTCCACGAACTGAAAATTTATGTC,DMT ON,sfGFP-myco_F0-4,Alekhina
GCAACGATTGGTAAACTAACATTAAAATTTATTTGTACTACTGGTAAATTACC,DMT ON,sfGFP-myco_F0-5,Alekhina
TGTTAATGTAGTAACAAGAGTAGGCCAAGGCACCGGTAATTTACCAGTAGTACAAA,DMT ON,sfGFP-myco_F0-6,Alekhina
CTACTCTTGTTACTACATTAACATATGGTGTACAATGTTTCTCTAGATAT,DMT ON,sfGFP-myco_F0-7,Alekhina
CTGATTTGAAGAAATCGTGACGTTTCATGTGGTCAGGATATCTAGAGAAACATTGTACAC,DMT ON,sfGFP-myco_F0-8,Alekhina
TCACGATTTCTTCAAATCAGCGATGCCAGAAGGTTATGTTCAAGAACGTACTATC,DMT ON,sfGFP-myco_F0-9,Alekhina
TCTAGTTTTATATTTACCATCATCTTTAAAAGAGATAGTACGTTCTTGAACATAA,DMT ON,sfGFP-myco_F0-10,Alekhina
AGATGATGGTAAATATAAAACTAGAGCAGTTGTTAAATTCGAAGGAG,DMT ON,sfGFP-myco_F0-11,Alekhina
TTAATTCAATACGATTAACTAATGTATCTCCTTCGAATTTAACAACT,DMT ON,sfGFP-myco_F0-12,Alekhina
ATACATTAGTTAATCGTATTGAATTAAAAGGAACCGATTTTAAAGAAG,DMT ON,sfGFP-myco_F0-13,Alekhina
CTAACTTATGACCTAGGATATTACCATCTTCTTTAAAATCGGTTCCT,DMT ON,sfGFP-myco_F0-14,Alekhina
GTAATATCCTAGGTCATAAGTTAGAATATAATTTTAATTCACATAACGTTTATATTACA,DMT ON,sfGFP-myco_F0-15,Alekhina
AGCTTTGATACCATTTTTTTGTTTATCTGCTGTAATATAAACGTTATGTGAATTAA,DMT ON,sfGFP-myco_F0-16,Alekhina
CAAAAAAATGGTATCAAAGCTAATTTTACTGTTAGACATAACGT,DMT ON,sfGFP-myco_F0-17,Alekhina
ATAGTGATCCGCTAATTGAACTGAACCGTCTTCTACGTTATGTCTAACAGTAAAAT,DMT ON,sfGFP-myco_F0-18,Alekhina
TCAATTAGCGGATCACTATCAACAAAATACTCCGATTGG,DMT ON,sfGFP-myco_F0-19,Alekhina
GTTATCTGGTAGTAAAACCGGACCATCACCAATCGGAGTATTTTGTT,DMT ON,sfGFP-myco_F0-20,Alekhina
CGGTTTTACTACCAGATAACCACTATTTATCAACACAAACTGTTCTATCAAAAGATCC,DMT ON,sfGFP-myco_F0-21,Alekhina
TGTAAAACCATATGATCACGAGTCCCTTTTTCATTAGGATCTTTTGATAGAACAGTT,DMT ON,sfGFP-myco_F0-22,Alekhina
CGTGATCATATGGTTTTACATGAGTATGTTAACGCAGCAGGAATTACATAA,DMT ON,sfGFP-myco_F0-23,Alekhina
TTATGTAATTCCTGCTGCG,DMT ON,sfGFP-myco_F0-24,Alekhina
CGACGGGCCCGGGATCCGATAGGAGGTTTAAGATATGTCAAAAGG,DMT ON,sfGFP-myco_F0_P-F_(pTZ/F),Alekhina
CCTCGCGAATGCATCTAGATTTATGTAATTCCTGCTGCGTTA,DMT ON,sfGFP-myco_F0_P-R_(pTZ/F),Alekhina
AACAAAACAAGTTCAATGGTTAATAACAAC,DMT ON,RNA2-F,CHUDINOV
TCGCGCTAAGGGGTTATTTG,DMT ON,RNA2-R,CHUDINOV
ATGGTTAATAACAACAACCGACG,DMT ON,Caps-F,CHUDINOV
TTATAAACCGAGTCCATTGAATAATGC,DMT ON,Caps-R,CHUDINOV
CAAGTCCAGAANNKACCGAAGATGAAGAGCAGCAGCTGTTG,DMT OFF,A353NNK forward,Nikiteev
TCATCTTCGGTMNNTTCTGGACTTGTGATCAGGAAATCAAC,DMT OFF,A353NNK reverse,Nikiteev
GTCCAGAAGCGNNKGAAGATGAAGAGCAGCAGCTGTTGCA,DMT OFF,T354NNK forward,Nikiteev
TCATCTTCMNNCGCTTCTGGACTTGTGATCAGGAAATCAACG,DMT OFF,T354NNK reverse,Nikiteev
GAAAACGACGAACGTCGTGAAAATGAAGGCTCGTGTCTGGC,DMT OFF,L181R forward,Nikiteev
TCATTTTCACGACGTTCGTCGTTTTCCGCCAGGATGTCGA,DMT OFF,L181R reverse,Nikiteev
ACGACGAATTGAATGAAAATGAAGGCTCGTGTCTGGCGTTC,DMT OFF,R182N forward,Nikiteev
CCTTCATTTTCATTCAATTCGTCGTTTTCCGCCAGGATGTC,DMT OFF,R182N reverse,Nikiteev
GCTTTACCCAGAAGCAGAAAGCGGGCTTCCTGTATTATGAG,DMT OFF,M288K forward,Nikiteev
CCCGCTTTCTGCTTCTGGGTAAAGCGGAGGGACTTGTCGC,DMT OFF,M288K reverse,Nikiteev
GCTTTACCCAGCGTCAGAAAGCGGGCTTCCTGTATTATGAG,DMT OFF,M288R forward,Nikiteev
CCCGCTTTCTGACGCTGGGTAAAGCGGAGGGACTTGTCGC,DMT OFF,M288R reverse,Nikiteev
GCGACAAGTCCCAACGCTTTACCCAGATGCAGAAAGCGGG,DMT OFF,L283Q forward,Nikiteev
TGGGTAAAGCGTTGGGACTTGTCGCTTTGGATCTTACTCAG,DMT OFF,L283Q reverse,Nikiteev
AACTGGATGAANNKNNKGGTTGGAAAGCGATTCGTGTGGATCTG,DMT OFF,GK NNK forward,Nikiteev
GCTTTCCAACCMNNMNNTTCATCCAGTTTAAGAATGAGAAAAC,DMT OFF,GK NNK reverse,Nikiteev
TCGCAAAACTACAAAATTTGAAAGCAATTCACAACGAAGGGCTCCCATCACATCACCCTATAGTGAGTCGTATTA,DMT ON,CoCas9 crRNA SP20 DR35,EMX1
ACGGCAGAAGCTGGAGGAGGAAGGGCCTGAGTCCGGTTGGGTTTGGAAGGGCTCCCATCACATCAACCGG,DMT ON,CoCas9 PAM CAAACCCAAC,EMX2
TAATACGACTCACTATAGGGTGATGTGATGGGAGCCCTTCGTTGTAGCTCCCTTTTTC,DMT ON,PpCas9 sgRNA forward,EMX3
ACGGCAGAAGCTGGAGGAGGAAGGGCCTGAGTCCGGTTAATGTTGGAAGGGCTCCCATCACATCAACCGG,DMT ON,PpCas9 PAM CAACATTAAC,EMX4
TAATACGACTCACTATAGGGTGATGTGATGGGAGCCCTTCGTTTTAGAGCTAGAAATAGC,DMT ON,SpCas9 sgRNA forward,EMX5
ACGGCAGAAGCTGGAGGAGGAAGGGCCTGAGTCCGGTTGTGACCGGAAGGGCTCCCATCACATCAACCGG,DMT ON,SpCas9 PAM CGGTCACAAC,EMX6
TCGCAAAACTACAAAATTTGAAAGCAATTCACAACGAAGGGCTCCCATCACATCACCCTATAGTGAGTCGTATTA,DMT ON,CoCas9 crRNA SP20 DR35,EMX1
ACGGCAGAAGCTGGAGGAGGAAGGGCCTGAGTCCGGTTGGGTTTGGAAGGGCTCCCATCACATCAACCGG,DMT ON,CoCas9 PAM CAAACCCAAC,EMX2
TAATACGACTCACTATAGGGTGATGTGATGGGAGCCCTTCGTTGTAGCTCCCTTTTTC,DMT ON,PpCas9 sgRNA forward,EMX3
ACGGCAGAAGCTGGAGGAGGAAGGGCCTGAGTCCGGTTAATGTTGGAAGGGCTCCCATCACATCAACCGG,DMT ON,PpCas9 PAM CAACATTAAC,EMX4
TAATACGACTCACTATAGGGTGATGTGATGGGAGCCCTTCGTTTTAGAGCTAGAAATAGC,DMT ON,SpCas9 sgRNA forward,EMX5
ACGGCAGAAGCTGGAGGAGGAAGGGCCTGAGTCCGGTTGTGACCGGAAGGGCTCCCATCACATCAACCGG,DMT ON,SpCas9 PAM CGGTCACAAC,EMX6
GTGTAACCCAGAACAACTAC,DMT ON,OmpA_For,SHOKINA
ATCACTCCTGAAATCGCTA,DMT ON,OmpA_Rev,SHOKINA
GAATAGTACGGGTTTGGTTC,DMT ON,RpoS_For,SHOKINA
GAGTTGAGGTTTTTGACGAA,DMT ON,RpoS_Rev1,SHOKINA
ACCTGAAATACCGCTATGAA,DMT ON,OmpX_For1,SHOKINA
GTAAGAGAAGTCCAGAGCA,DMT ON,OmpX_Rev1,SHOKINA
GCAGGTTGATTTTGTAGTCA,DMT ON,OmpC_For1,SHOKINA
TACGACGCTAACAACATCTA,DMT ON,OmpC_Rev1,SHOKINA
TTGGAGTTACGATAGGTAGC,DMT ON,OmpF_For1,SHOKINA
GGTTATGGTCAGTGGGAATA,DMT ON,OmpF_Rev1,SHOKINA
CCAGTCCAGGTTTTAGTTTC,DMT ON,Hns_For1,SHOKINA
GCGAAGCACTTAAAATTCTG,DMT ON,Hns_Rev1,SHOKINA
GTTTTGGAATGTAGTCGTCAG,DMT ON,OmpR_For1,SHOKINA
TACAAGATTCTGGTGGTCG,DMT ON,OmpR_Rev1,SHOKINA
GTATAGGAATCGGAGTTGGT,DMT ON,FepA_For1,SHOKINA
GAACATAAAGAGGAAGGTGC,DMT ON,FepA_Rev1,SHOKINA
GATAACATCGTCGCTTACTG,DMT ON,OpgG_For1,SHOKINA
CTTGGCATCTTTCACTTTCA,DMT ON,OpgG_Rev1,SHOKINA
AGAAAGTGGTTATGACTGGT,DMT ON,GapA_For1,SHOKINA
TCAGGTCAACTACAGATACG,DMT ON,GapA_Rev,SHOKINA
CTGATAAGCGGTTGAACTTT,DMT ON,RpoE_For,SHOKINA
TACAGCGAAAAATTACCTGG,DMT ON,RpoE_Rev,SHOKINA
CATCACGAGCAACGATCTGA,DMT ON,RplB_For_58,SHOKINA
CACTCGTCATATCGGTGGTG,DMT ON,RplB_Rev_58,SHOKINA
TGCTTATGTCACCCTGCGTCTG,DMT ON,RplB_For_67,SHOKINA
AGTTACGACCTTCACCACCACCA,DMT ON,RplB_Rev_67,SHOKINA
AAAAAAAAAAAAAAAAAAAAAAAAA,DMT ON,Calibration,KUZMINA
TTTTTTTTTTTTTTTTTTTTTTTTT,DMT ON,Calibration,KUZMINA
AGAGAGAGAGAGAGAGAGAGAGAGA,DMT ON,Calibration,KUZMINA
CCCCCCCCCCCCCCCCCCCCCCCCC,DMT ON,Calibration,KUZMINA
AAAAAAAAAAAAAAAAAAAAAAAAA,DMT ON,Calibration,KUZMINA
TTTTTTTTTTTTTTTTTTTTTTTTT,DMT ON,Calibration,KUZMINA
AGAGAGAGAGAGAGAGAGAGAGAGA,DMT ON,Calibration,KUZMINA
CCCCCCCCCCCCCCCCCCCCCCCCC,DMT ON,Calibration,KUZMINA
AAAAAAAAAAAAAAAAAAAAAAAAA,DMT OFF,Calibration,KUZMINA
TTTTTTTTTTTTTTTTTTTTTTTTT,DMT OFF,Calibration,KUZMINA
AGAGAGAGAGAGAGAGAGAGAGAGA,DMT OFF,Calibration,KUZMINA
CCCCCCCCCCCCCCCCCCCCCCCCC,DMT OFF,Calibration,KUZMINA
AAAAAAAAAAAAAAAAAAAAAAAAA,DMT OFF,Calibration,KUZMINA
TTTTTTTTTTTTTTTTTTTTTTTTT,DMT OFF,Calibration,KUZMINA
AGAGAGAGAGAGAGAGAGAGAGAGA,DMT OFF,Calibration,KUZMINA
CCCCCCCCCCCCCCCCCCCCCCCCC,DMT OFF,Calibration,KUZMINA
CAGAAGGGCTAACCGTGTACT,DMT ON,1_N_F,LUKINA
GTTGGGACAGTTGGCTAGTGA,DMT ON,1_N_R,LUKINA
GGCAACCTTGCTTAAGGAATCA,DMT ON,2_N_F,LUKINA
TGGATGACCTGGCAATGACC,DMT ON,2_N_R,LUKINA
GGCCGCAGAGGATTCAACAT,DMT ON,1_G_F,LUKINA
ACTGTTTCTGGATCTGGCGG,DMT ON,1_G_R,LUKINA
AAGCAACACAGTGGACCACA,DMT ON,2_G_F,LUKINA
GTCAGTTCTGGGTCTGTCGG,DMT ON,2_G_R,LUKINA
GGAGCAATAGCACTCGGTGT,DMT ON,1_F_F,LUKINA
TCCTGCAGATGTTGGCATGT,DMT ON,1_F_R,LUKINA
GCAGTGACACCCTCATCATTGC,DMT ON,MPV800_1_LEFT,LUKINA
CCAGATTCAGGGCCCATTTCTC,DMT ON,MPV800_1_RIGHT,LUKINA
AGGTGCCTTAATATTCACTAAACTAGC,DMT ON,MPV800_2_LEFT,LUKINA
TGATTTCTGGAAAGCTTCTGCCA,DMT ON,MPV800_2_RIGHT,LUKINA
TCTGCAGCAGAAAGTTATGCCA,DMT ON,MPV800_3_LEFT,LUKINA
CCAATCATTGCATCTCTGATCCC,DMT ON,MPV800_3_RIGHT,LUKINA
AAGCATTGAGGCCAGACTAGAA,DMT ON,MPV800_4_LEFT,LUKINA
AACTGATTTGGCTGAGCTCACA,DMT ON,MPV800_4_RIGHT,LUKINA
AAATTGTTGAAGACGAAAGCACAAG,DMT ON,MPV800_5_LEFT,LUKINA
GAATATACCTTTGGGATTGTTCATGGT,DMT ON,MPV800_5_RIGHT,LUKINA
ACACAAGCCAAAATTGCACCTT,DMT ON,MPV800_6_LEFT,LUKINA
CAAAATCTTTCAGCTCTCTCACTGC,DMT ON,MPV800_6_RIGHT,LUKINA
TTGCAACAGCAGCTGCAGT,DMT ON,MPV800_7_LEFT,LUKINA
AGAGGGGACAGTGCAACCAT,DMT ON,MPV800_7_RIGHT,LUKINA
ACTACCCAAATGAAAAAGACTGTGAA,DMT ON,MPV800_8_LEFT,LUKINA
TACCTATCAGGCCAACTCCAGT,DMT ON,MPV800_8_RIGHT,LUKINA
AGCAAAGTTGAGGGTGAACAGC,DMT ON,MPV800_9_LEFT,LUKINA
TGCAGGAGTTTTGCTCATCTCC,DMT ON,MPV800_9_RIGHT,LUKINA
GCTACAAGAAATAGAAGTAAGACAGGC,DMT ON,MPV800_10_LEFT,LUKINA
TCGTGTGTATTCTCCAACAGGT,DMT ON,MPV800_10_RIGHT,LUKINA
AGACCCATTCCTGATCTAAATGCA,DMT ON,MPV800_11_LEFT,LUKINA
CTGTGTTGCCTGCTGTGGATT,DMT ON,MPV800_11_RIGHT,LUKINA
ACACTGTGTCAATATGCCACCG,DMT ON,MPV800_12_LEFT,LUKINA
GGGTCTTTTCAAAAGGCATGAGC,DMT ON,MPV800_12_RIGHT,LUKINA
TGGATCCATTTTGTGAATCCACTG,DMT ON,MPV800_13_LEFT,LUKINA
ACTCTTTCACTAGTGAGAACCCTTC,DMT ON,MPV800_13_RIGHT,LUKINA
ACAACCTGAACAAAAATCAAGAAGGA,DMT ON,MPV800_14_LEFT,LUKINA
ACCGACCATATTAACTTTTTAGGAGGA,DMT ON,MPV800_14_RIGHT,LUKINA
TGCTGCAGTACAATTTGAACAGG,DMT ON,MPV800_15_LEFT,LUKINA
CCACCCTTCAATCCCTCCCATA,DMT ON,MPV800_15_RIGHT,LUKINA
CAGACATGCACCACCAGAAACA,DMT ON,MPV800_16_LEFT,LUKINA
ATCCACATGGCTGATTGCTTCA,DMT ON,MPV800_16_RIGHT,LUKINA
TGATGTGGTTGACCTATGGATGAA,DMT ON,MPV800_17_LEFT,LUKINA
ACCTCTTGTGGTCTTGTCAGTAC,DMT ON,MPV800_17_RIGHT,LUKINA
GTGACATCTCCAAGTATTGTAACATGT,DMT ON,MPV800_18_LEFT,LUKINA
CCATGGAAATAGTTTTCTCTCTTATTTAAGAAC,DMT ON,MPV800_18_RIGHT,LUKINA
TCAACACATCTTCAGTCCTGACA,DMT ON,MPV800_19_LEFT,LUKINA
ACCTTAGGAAAATAGTCTAGCTGTGT,DMT ON,MPV800_19_RIGHT,LUKINA
TGGCACATGCTCTTACACGATT,DMT ON,MPV800_20_LEFT,LUKINA
ACATTCTGACCCTGACAATTTGC,DMT ON,MPV800_20_RIGHT,LUKINA
CCCGTTAGAATATCAAAGGGTAATAGGT,DMT ON,MPV800_21_LEFT,LUKINA
TCTTACTCACAAGCATATACCCGG,DMT ON,MPV800_21_RIGHT,LUKINA
ATGTCAGGTCGTAATGTGGAGTCACATATGGAGCGTAACGAAAAAGTAGTG,DMT ON,CAHS94063_F0-1,CUSTOMER
ATCTGCATGACCAGAATTATTAACCACTACTTTTTCGTTACGCT,DMT ON,CAHS94063_F0-2,CUSTOMER
TTAATAATTCTGGTCATGCAGATGTTAAAAAACAACAACAACAAGTGGAACAC,DMT ON,CAHS94063_F0-3,CUSTOMER
CTTCAGTGTGAGTAAATTCTGTGTGTTCCACTTGTTGTTGT,DMT ON,CAHS94063_F0-4,CUSTOMER
ACAGAATTTACTCACACTGAAGTGAAGGCTCCTTTAATCCATCC,DMT ON,CAHS94063_F0-5,CUSTOMER
CCCCTGTTGAAATGATTGGTGGTGCAGGATGGATTAAAGGAGCCT,DMT ON,CAHS94063_F0-6,CUSTOMER
CCAATCATTTCAACAGGGGCTGCTGGTTTAGCTGAAGAAAT,DMT ON,CAHS94063_F0-7,CUSTOMER
AGCAGTAAATCCTTGTCCAACAATTTCTTCAGCTAAACCAGC,DMT ON,CAHS94063_F0-8,CUSTOMER
TGGACAAGGATTTACTGCTTCGGCAGCTAGAATTTCAGGTGGAACAG,DMT ON,CAHS94063_F0-9,CUSTOMER
TAGCTGCTGATGGTTGTAAGTGAACTTCAGCTGTTCCACCTGAAATTCTAG,DMT ON,CAHS94063_F0-10,CUSTOMER
TTACAACCATCAGCAGCTATGACTGAAGAGGCTAGACGTGACCAAGAACGTTATC,DMT ON,CAHS94063_F0-11,CUSTOMER
CTTAGCAATAGATTCTTGTTCTTGACGATAACGTTCTTGGTCACG,DMT ON,CAHS94063_F0-12,CUSTOMER
CAAGAACAAGAATCTATTGCTAAGCAACAGGAGAGAGAAATGGAGAA,DMT ON,CAHS94063_F0-13,CUSTOMER
CAGCGGTTTTTCTATATGCTTCTGTTTTTTTCTCCATTTCTCTCTCCTG,DMT ON,CAHS94063_F0-14,CUSTOMER
AGCATATAGAAAAACCGCTGAAGCTGAAGCTGAGAAAATTAGAAAAGAATT,DMT ON,CAHS94063_F0-15,CUSTOMER
TTCAACATCTCTAGCATGTTGTTTTTCTAATTCTTTTCTAATTTTCTCAGCTT,DMT ON,CAHS94063_F0-16,CUSTOMER
CAACATGCTAGAGATGTTGAATTTAGAAAAGATCTAATTGAATCAACAATCGATAGACAG,DMT ON,CAHS94063_F0-17,CUSTOMER
ACGTTTTGCCATTTTAGCTTCAAGATCAACTTCTCTCTTCTGTCTATCGATTGTTGATTCA,DMT ON,CAHS94063_F0-18,CUSTOMER
AGCTAAAATGGCAAAACGTGAACTAGATAGAGAAGGTCAATTAGCTA,DMT ON,CAHS94063_F0-19,CUSTOMER
GTAGCTAAACGAGATCTTTCAAGAGCTTCTTTAGCTAATTGACCTTCTCTATCTA,DMT ON,CAHS94063_F0-20,CUSTOMER
TTGAAAGATCTCGTTTAGCTACTAATGTTGAGGTGAATTTTGATTCTG,DMT ON,CAHS94063_F0-21,CUSTOMER
TAGACACTGTTGTTCCTCCAGACACAGTATGCCCTGCAGCAGAATCAAAATTCACCTCAAC,DMT ON,CAHS94063_F0-22,CUSTOMER
GGAGGAACAACAGTGTCTACTTCAGATAAGATGGAGATTAAGCGTAACTAA,DMT ON,CAHS94063_F0-23,CUSTOMER
TTAGTTACGCTTAATCTCCATTTT,DMT ON,CAHS94063_F0-24,CUSTOMER
AGGAGGATCCAAGATATGGAGGCGATGAATATGAATATTCCAAGAGACGCTAT,DMT ON,CAHS106094_F0-1,CUSTOMER
GATAACCATTTTGTTCAGACTCAGGTGGAGGAACAAACATAGCGTCTCTTGGAATATTC,DMT ON,CAHS106094_F0-2,CUSTOMER
GAGTCTGAACAAAATGGTTATCATGAGAAATCAGAAGTTCAACA,DMT ON,CAHS106094_F0-3,CUSTOMER
ACTTGCGACTGCATATAAGATGTTTGTTGAACTTCTGATTTCTCA,DMT ON,CAHS106094_F0-4,CUSTOMER
CTTATATGCAGTCGCAAGTGAAGGTTCCACATTATAATTTCCCTACCCCATATT,DMT ON,CAHS106094_F0-5,CUSTOMER
TCTTGAGCTGAAAATGATGTTGTAAAATATGGGGTAGGGAAATTATAAT,DMT ON,CAHS106094_F0-6,CUSTOMER
ACATCATTTTCAGCTCAAGAATTATTAGGTGAGGGATTTCAAGCTTCTATTT,DMT ON,CAHS106094_F0-7,CUSTOMER
CGGTAACAGCAGAAATTCTTGAAATAGAAGCTTGAAATCCCT,DMT ON,CAHS106094_F0-8,CUSTOMER
AGAATTTCTGCTGTTACCGAAGATATGCAATCAATGGAGATTC,DMT ON,CAHS106094_F0-9,CUSTOMER
ACGTGCTTCTTCAACAAATTCTGGAATCTCCATTGATTGCATATC,DMT ON,CAHS106094_F0-10,CUSTOMER
ATTTGTTGAAGAAGCACGTCGTGATTATGCAGCTAAGACGAGAGAAAATGAAATGC,DMT ON,CAHS106094_F0-11,CUSTOMER
CAGATTTACGTTCTAATTCTTTTTCGTATTGTTGACCAAGCATTTCATTTTCTCTCGTC,DMT ON,CAHS106094_F0-12,CUSTOMER
GAAAAAGAATTAGAACGTAAATCTGAAGCGTATCGTAAGCATCAAGAAGTTGAGG,DMT ON,CAHS106094_F0-13,CUSTOMER
TGTTTCTCTAATTCCTTACGGATTTTATCAGCCTCAACTTCTTGATGCTT,DMT ON,CAHS106094_F0-14,CUSTOMER
CCGTAAGGAATTAGAGAAACAACATATGAGAGATATTGAATTCCGTAAAGAAATTGC,DMT ON,CAHS106094_F0-15,CUSTOMER
TTTTGATTTTCGATAGCTAACTCAGCAATTTCTTTACGGAATTCA,DMT ON,CAHS106094_F0-16,CUSTOMER
GAGTTAGCTATCGAAAATCAAAAACGTATGATCGATCTAGAATGTAGATACGCTAAAAAGGA,DMT ON,CAHS106094_F0-17,CUSTOMER
GTACCTTGGTTCTTTCTCGATCCATATCCTTTTTAGCGTATCTACATT,DMT ON,CAHS106094_F0-18,CUSTOMER
CGAGAAAGAACCAAGGTACGAATGATGTTAGAACAACAAAAATTTCAC,DMT ON,CAHS106094_F0-19,CUSTOMER
AAGAATCAAGATTAACCTGAATATCAGAGTGAAATTTTTGTTGTTCTAACAT,DMT ON,CAHS106094_F0-20,CUSTOMER
GATATTCAGGTTAATCTTGATTCTTCAGCAGCGGGTACCGAGTCGGGTGGGCACGTTGTGTCAC,DMT ON,CAHS106094_F0-21,CUSTOMER
TTATCTCTTCATTTCTCTGTTCCTTTCTGTGAATTTTTCAGACTGTGACACAACGTGCCCACC,DMT ON,CAHS106094_F0-22,CUSTOMER
GAGTTTTATCGCTTCCATGACGCAGAAGTTAACACTTTCGGATATTTCTGATGAG,DMT ON,phiX174-V2_F1-1,FISUNOV
GCAGTAGTAATTCCTGCTTTATCAAGATAATTTTTCGACTCATCAGAAATATCCGAAAGTGT,DMT ON,phiX174-V2_F1-2,FISUNOV
TGATAAAGCAGGAATTACTACTGCTTGTTTACGAATTAAATCGAAGTGGACTGCTGG,DMT ON,phiX174-V2_F1-3,FISUNOV
AGGATAGGTCGAATTTTCTCATTTTCCGCCAGCAGTCCACTTCGATT,DMT ON,phiX174-V2_F1-4,FISUNOV
AAAATGAGAAAATTCGACCTATCCTTGCGCAGCTCGAGAAGCTCTTACTTTGCGACCTTTCG,DMT ON,phiX174-V2_F1-5,FISUNOV
TCAGTTTTTGACAGAATCGTTAGTTGATGGCGAAAGGTCGCAAAGTAAGAG,DMT ON,phiX174-V2_F1-6,FISUNOV
ACTAACGATTCTGTCAAAAACTGACGCGTTGGATGAGGAGAAGTGGCTTAATATG,DMT ON,phiX174-V2_F1-7,FISUNOV
ATCTAAACCAGTCCTTGACGAACGTGCCAAGCATATTAAGCCACTTCTCCTCATC,DMT ON,phiX174-V2_F1-8,FISUNOV
TTCGTCAAGGACTGGTTTAGATATGAGTCACATTTTGTTCATGGT,DMT ON,phiX174-V2_F1-9,FISUNOV
ACGCTCTTTTAAAATGTCAACAAGAGAATCTCTACCATGAACAAAATGTGACTCAT,DMT ON,phiX174-V2_F1-10,FISUNOV
CTTGTTGACATTTTAAAAGAGCGTGGATTACTATCTGAGTCCGATGCTGTTC,DMT ON,phiX174-V2_F1-11,FISUNOV
CTCATGATTTCTTACCTATTAGTGGTTGAACAGCATCGGACTCAGAT,DMT ON,phiX174-V2_F1-12,FISUNOV
ACCACTAATAGGTAAGAAATCATGAGTCAAGTTACTGAACAATCCGTACGTTTCC,DMT ON,phiX174-V2_F1-13,FISUNOV
AATAGAGGCCAAAGCGGTCTGGAAACGTACGGATTGTTCAG,DMT ON,phiX174-V2_F1-14,FISUNOV
GACCGCTTTGGCCTCTATTAAGCTCATTCAGGCTTCTGCCGTTTTGGATTTAACCG,DMT ON,phiX174-V2_F1-15,FISUNOV
TGTTACTCGTCAGAAAATCGAAATCATCTTCGGTTAAATCCAAAACGGCA,DMT ON,phiX174-V2_F1-16,FISUNOV
ATTTCGATTTTCTGACGAGTAACAAAGTTTGGATTGCTACTGACCGC,DMT ON,phiX174-V2_F1-17,FISUNOV
ACCATAAACGCAAGCCTCAACGCAGCGACGAGCACGAGAGCGGTCAGTAGCAATCCAA,DMT ON,phiX174-V2_F1-18,FISUNOV
TGAGGCTTGCGTTTATGGTACGCTGGACTTTGTGGGATACCCTC,DMT ON,phiX174-V2_F1-19,FISUNOV
AATGACGGCAGCAATAAACTCAACAGGAGCAGGAAAGCGAGGGTATCCCACAAAGTCC,DMT ON,phiX174-V2_F1-20,FISUNOV
GAGTTTATTGCTGCCGTCATTGCTTATTATGTTCATCCCGTCAA,DMT ON,phiX174-V2_F1-21,FISUNOV
GATGAGACAGGCCGTTTGAATGTTGACGGGATGAACATAATAAGC,DMT ON,phiX174-V2_F1-22,FISUNOV
TCAAACGGCCTGTCTCATCATGGAAGGCGCTGAATTTACGGA,DMT ON,phiX174-V2_F1-23,FISUNOV
ACGCTCGACGCCATTAATAATGTTTTCCGTAAATTCAGCGCCTT,DMT ON,phiX174-V2_F1-24,FISUNOV
TTATTAATGGCGTCGAGCGTCCGGTTAAAGCCGCTGAATTGTTCGCGTTTACCT,DMT ON,phiX174-V2_F1-25,FISUNOV
GTAAGAACGTCAGTGTTTCCTGCGCGTACACGCAAGGTAAACGCGAACAATTCAG,DMT ON,phiX174-V2_F1-26,FISUNOV
CAGGAAACACTGACGTTCTTACTGACGCAGAAGAAAACGTGCGTCAAAAATTACGTGCGGA,DMT ON,phiX174-V2_F1-27,FISUNOV
AACGTTTTTTACCTTTAGACATTACATCACTCCTTCCGCACGTAATTTTTGACG,DMT ON,phiX174-V2_F1-28,FISUNOV
ATGTAATGTCTAAAGGTAAAAAACGTTCTGGCGCTCGCCCTGGTCGTCCGCAGCCGTT,DMT ON,phiX174-V2_F1-29,FISUNOV
GCCTTTACGCTTGCCTTTAGTACCTCGCAACGGCTGCGGACGACCAG,DMT ON,phiX174-V2_F1-30,FISUNOV
CTAAAGGCAAGCGTAAAGGCGCTCGTCTTTGGTATGTAGGTGGTCAACAAT,DMT ON,phiX174-V2_F1-31,FISUNOV
CTCAAGTAAGGGGCCGAAGCCCCTGCAATTAAAATTGTTGACCACCTACATACCA,DMT ON,phiX174-V2_F1-32,FISUNOV
CTTCGGCCCCTTACTTGAGGATAAATTATGTCTAATATTCAAACTGGCGC,DMT ON,phiX174-V2_F1-33,FISUNOV
AGATGGGAAAGGTCATGCGGCATACGCTCGGCGCCAGTTTGAATATTAGACA,DMT ON,phiX174-V2_F1-34,FISUNOV
CGCATGACCTTTCCCATCTTGGCTTCCTTGCTGGTCAGAT,DMT ON,phiX174-V2_F1-35,FISUNOV
GATAACCGGAGTAGTTGAAATGGTAATAAGACGACCAATCTGACCAGCAAGGAAGC,DMT ON,phiX174-V2_F1-36,FISUNOV
CCATTTCAACTACTCCGGTTATCGCTGGCGACTCCTTCGAGATGGAC,DMT ON,phiX174-V2_F1-37,FISUNOV
AATGGAGAAAGACGGAGAGCGCCAACGGCGTCCATCTCGAAGGAGTCG,DMT ON,phiX174-V2_F1-38,FISUNOV
GCTCTCCGTCTTTCTCCATTGCGTCGTGGCCTTGCTATTGACTCTACT,DMT ON,phiX174-V2_F1-39,FISUNOV
GACGATGAGGGACATAAAAAGTAAAAATGTCTACAGTAGAGTCAATAGCAAGGCC,DMT ON,phiX174-V2_F1-40,FISUNOV
TTACTTTTTATGTCCCTCATCGTCACGTTTATGGTGAACAGTGGATT,DMT ON,phiX174-V2_F1-41,FISUNOV
GTGGCATTAACACCATCCTTCATGAACTTAATCCACTGTTCACCATAAACG,DMT ON,phiX174-V2_F1-42,FISUNOV
GAAGGATGGTGTTAATGCCACTCCTCTCCCGACTGTTAACACTACTGGT,DMT ON,phiX174-V2_F1-43,FISUNOV
GAAAAGCGGCATGGTCAATATAACCAGTAGTGTTAACAGTCGG,DMT ON,phiX174-V2_F1-44,FISUNOV
ATATTGACCATGCCGCTTTTCTTGGCACGATTAACCCTGAT,DMT ON,phiX174-V2_F1-45,FISUNOV
CAAATAACCCTGAAACAAATGCTTAGGGATTTTATTGGTATCAGGGTTAATCGTGCCAA,DMT ON,phiX174-V2_F1-46,FISUNOV
AAGCATTTGTTTCAGGGTTATTTGAATATCTATAACAACTATTTTAAAGCGCCGTGG,DMT ON,phiX174-V2_F1-47,FISUNOV
CCACGGCGCTTTAAAATAGTT,DMT ON,phiX174-V2_F1-48,FISUNOV
ACTATTTTAAAGCGCCGTGGATGCCTGACCGTACCGAGGCTAACCCTAATGAGCTT,DMT ON,phiX174-V2_F2-1,FISUNOV
CCATAACGAGCATCATCTTGATTAAGCTCATTAGGGTTAGCCTC,DMT ON,phiX174-V2_F2-2,FISUNOV
AATCAAGATGATGCTCGTTATGGTTTCCGTTGCTGCCATCTCAAAAACATTTGGA,DMT ON,phiX174-V2_F2-3,FISUNOV
GAAAGCTCAGTCTCAGGAGGAAGCGGAGCAGTCCAAATGTTTTTGAGATGGCA,DMT ON,phiX174-V2_F2-4,FISUNOV
CCTCCTGAGACTGAGCTTTCTCGCCAAATGACGACTTCTACCACATCT,DMT ON,phiX174-V2_F2-5,FISUNOV
AGCATAAGCAGCTTGCAGACCCATAATGTCAATAGATGTGGTAGAAGTCGTCATT,DMT ON,phiX174-V2_F2-6,FISUNOV
TCTGCAAGCTGCTTATGCTAATTTGCATACTGACCAAGAACGTGATTACTTCATG,DMT ON,phiX174-V2_F2-7,FISUNOV
TTTACCTCCAAATGAAGAAATAACATCATGGTAACGCTGCATGAAGTAATCACGTTCTTGGT,DMT ON,phiX174-V2_F2-8,FISUNOV
GATGTTATTTCTTCATTTGGAGGTAAAACCTCTTATGACGCTGACAACCGTC,DMT ON,phiX174-V2_F2-9,FISUNOV
AGAGATTAGAGCGCATGACAAGTAAAGGACGGTTGTCAGCGTCATA,DMT ON,phiX174-V2_F2-10,FISUNOV
TTGTCATGCGCTCTAATCTCTGGGCATCTGGCTATGATGTTGATGGA,DMT ON,phiX174-V2_F2-11,FISUNOV
AACTGGCCTAACGACGTTTGGTCAGTTCCATCAACATCATAGCCAGAT,DMT ON,phiX174-V2_F2-12,FISUNOV
AAACGTCGTTAGGCCAGTTTTCTGGTCGTGTTCAACAGACC,DMT ON,phiX174-V2_F2-13,FISUNOV
CAGGAACAAAGAAACGCGGCACAGAATGTTTATAGGTCTGTTGAACACGACCA,DMT ON,phiX174-V2_F2-14,FISUNOV
CCGCGTTTCTTTGTTCCTGAGCATGGCACTATGTTTACTCTTGCGCTTGTTCGT,DMT ON,phiX174-V2_F2-15,FISUNOV
ATCTCTTTAGTCGCAGTAGGCGGAAAACGAACAAGCGCAAGAGTA,DMT ON,phiX174-V2_F2-16,FISUNOV
GCCTACTGCGACTAAAGAGATTCAGTACCTTAACGCTAAAGGTGCTTTGACTTAT,DMT ON,phiX174-V2_F2-17,FISUNOV
TACAAAACAGGGTCGCCAGCAATATCGGTATAAGTCAAAGCACCTTTAGCG,DMT ON,phiX174-V2_F2-18,FISUNOV
CTGGCGACCCTGTTTTGTATGGCAACTTGCCGCCGCGTGAAATTTCTATGAAGGA,DMT ON,phiX174-V2_F2-19,FISUNOV
TCTTAAACTTCTTAGACGAATCACCAGAACGGAAAACATCCTTCATAGAAATTTCACGCG,DMT ON,phiX174-V2_F2-20,FISUNOV
GGTGATTCGTCTAAGAAGTTTAAGATTGCTGAGGGTCAGTGGTATCGT,DMT ON,phiX174-V2_F2-21,FISUNOV
AGAAACATACGAAGGCGCATAACGATACCACTGACCCTCA,DMT ON,phiX174-V2_F2-22,FISUNOV
TGCGCCTTCGTATGTTTCTCCTGCTTATCACCTTCTTGAAGGCTTCCCATTCAT,DMT ON,phiX174-V2_F2-23,FISUNOV
ACGCGTTCTTGCAAATCACCAGAAGGCGGTTCCTGAATGAATGGGAAGCCTTCAAGA,DMT ON,phiX174-V2_F2-24,FISUNOV
GTGATTTGCAAGAACGCGTACTTATTCGCCACCATGATTATG,DMT ON,phiX174-V2_F2-25,FISUNOV
AACTGAACGGACTGGAAACACTGGTCATAATCATGGTGGCGAATAAGT,DMT ON,phiX174-V2_F2-26,FISUNOV
TGTTTCCAGTCCGTTCAGTTGTTGCAGTGGAATAGTCAGGTTAAATTTAATGTGACCGT,DMT ON,phiX174-V2_F2-27,FISUNOV
CATGATTGAATCGCGAGTGGTCGGCAGATTGCGATAAACGGTCACATTAAATTTAACCTGA,DMT ON,phiX174-V2_F2-28,FISUNOV
CCACTCGCGATTCAATCATGACTTCGTGATAAAAGATTGAGTGTGAGGTTAT,DMT ON,phiX174-V2_F2-29,FISUNOV
CTCAGCGGCAAAAATTAAAATTTTTACCGCTTCGGCGTTATAACCTCACACTCAATCTTTTATCA,DMT ON,phiX174-V2_F2-30,FISUNOV
AAAAATTTTAATTTTTGCCGCTGAGGGGTTGACCAAGCGAAGCGCGGTAGGTTTTCT,DMT ON,phiX174-V2_F2-31,FISUNOV
AAGTCTGAAACATGATTAAACTCCTAAGCAGAAAACCTACCGCGCTTC,DMT ON,phiX174-V2_F2-32,FISUNOV
AGGAGTTTAATCATGTTTCAGACTTTTATTTCTCGCCATAATTCAAACTTTTT,DMT ON,phiX174-V2_F2-33,FISUNOV
ACAGAAGTGAGAACCAGCTTATCAGAAAAAAAGTTTGAATTATGGCGAGAAA,DMT ON,phiX174-V2_F2-34,FISUNOV
ATAAGCTGGTTCTCACTTCTGTTACTCCAGCTTCTTCGGCACCTGTTTTACA,DMT ON,phiX174-V2_F2-35,FISUNOV
GTTGACGATGTAGCTTTAGGTGTCTGTAAAACAGGTGCCGAAGA,DMT ON,phiX174-V2_F2-36,FISUNOV
CACCTAAAGCTACATCGTCAACGTTATATTTTGATAGTTTGACGGTTAATGCTGGTAATG,DMT ON,phiX174-V2_F2-37,FISUNOV
ATGTATCCATCTGAATGCAATGAAGAAAACCACCATTACCAGCATTAACCGTCAA,DMT ON,phiX174-V2_F2-38,FISUNOV
TTCATTGCATTCAGATGGATACATCTGTCAACGCCGCTAATCAGGTTGTTTCTG,DMT ON,phiX174-V2_F2-39,FISUNOV
GGTCGGCATCAAAAGCAATATCAGCACCAACAGAAACAACCTGATTAGCGG,DMT ON,phiX174-V2_F2-40,FISUNOV
ATATTGCTTTTGATGCCGACCCTAAATTTTTTGCCTGTTTGGTTCG,DMT ON,phiX174-V2_F2-41,FISUNOV
CGGAACCGAAGAAGACTCAAAGCGAACCAAACAGGCAAAAAATT,DMT ON,phiX174-V2_F2-42,FISUNOV
TTGAGTCTTCTTCGGTTCCGACTACCCTCCCGACTGCCTATGATGTTTATCCTTT,DMT ON,phiX174-V2_F2-43,FISUNOV
AATAACCACCATCATGGCGACCATTCAAAGGATAAACATCATAGGCAGTC,DMT ON,phiX174-V2_F2-44,FISUNOV
TCGCCATGATGGTGGTTATTATACCGTCAAGGACTGTGTG,DMT ON,phiX174-V2_F2-45,FISUNOV
CACACAGTCCTTGACGGTAT,DMT ON,phiX174-V2_F2-46,FISUNOV
TACCGTCAAGGACTGTGTGACTATTGACGTCCTTCCCCG,DMT ON,phiX174-V2_F3-1,FISUNOV
AACATAAACGTTATTGCCCGGCGTACGGGGAAGGACGTCAATAG,DMT ON,phiX174-V2_F3-2,FISUNOV
CCGGGCAATAACGTTTATGTTGGTTTCATGGTTTGGTCTAACTTTAC,DMT ON,phiX174-V2_F3-3,FISUNOV
GATTCAGCGAAACCAATCCGCGGCATTTAGTAGCGGTAAAGTTAGACCAAACCATGAAAC,DMT ON,phiX174-V2_F3-4,FISUNOV
CGGATTGGTTTCGCTGAATCAGGTTATTAAAGAGATTATTTGTCTCCAGCCACTTAAGT,DMT ON,phiX174-V2_F3-5,FISUNOV
AATAGCACCAAACATAAATCACCTCACTTAAGTGGCTGGAGACAAA,DMT ON,phiX174-V2_F3-6,FISUNOV
AGGTGATTTATGTTTGGTGCTATTGCTGGCGGTATTGCTTCTGCTCTTGC,DMT ON,phiX174-V2_F3-7,FISUNOV
TGACCGCCTCCAAACAATTTAGACATGGCGCCACCAGCAAGAGCAGAAGCAATACC,DMT ON,phiX174-V2_F3-8,FISUNOV
AATTGTTTGGAGGCGGTCAAAAAGCCGCCTCCGGTGGCATTCAAGGTGATGTG,DMT ON,phiX174-V2_F3-9,FISUNOV
CATCACCCATGCCTACAGTATTGTTATCGGTAGCAAGCACATCACCTTGAATGCCAC,DMT ON,phiX174-V2_F3-10,FISUNOV
ATACTGTAGGCATGGGTGATGCTGGTATTAAATCTGCCATTCAAGGCTCTAATGTTCC,DMT ON,phiX174-V2_F3-11,FISUNOV
GCACCAGAAACAAAACTAGGGGCGGCCTCATCAGGGTTAGGAACATTAGAGCCTTGAATGG,DMT ON,phiX174-V2_F3-12,FISUNOV
CCCTAGTTTTGTTTCTGGTGCTATGGCTAAAGCTGGTAAAGGACTTC,DMT ON,phiX174-V2_F3-13,FISUNOV
GCCTGCAACGTACCTTCAAGAAGTCCTTTACCAGCTTTAGC,DMT ON,phiX174-V2_F3-14,FISUNOV
TTGAAGGTACGTTGCAGGCTGGCACTTCTGCCGTTTCTGATAAGTTGCTT,DMT ON,phiX174-V2_F3-15,FISUNOV
GACTTGCCACCAAGTCCAACCAAATCAAGCAACTTATCAGAAACGGC,DMT ON,phiX174-V2_F3-16,FISUNOV
TTGGACTTGGTGGCAAGTCTGCCGCTGATAAAGGAAAGGATACTCGTG,DMT ON,phiX174-V2_F3-17,FISUNOV
GGAAATGCAGCAGCAAGATAATCACGAGTATCCTTTCCTTTATCAG,DMT ON,phiX174-V2_F3-18,FISUNOV
TTATCTTGCTGCTGCATTTCCTGAGCTTAATGCTTGGGAGCG,DMT ON,phiX174-V2_F3-19,FISUNOV
CATACCAGCAGAGGAAGCATCAGCACCAGCACGCTCCCAAGCATTAAGCT,DMT ON,phiX174-V2_F3-20,FISUNOV
ATGCTTCCTCTGCTGGTATGGTTGACGCCGGATTTGAGAA,DMT ON,phiX174-V2_F3-21,FISUNOV
TGATTGTCCAGTTGCATTTTAGTAAGCTCTTTTTGATTCTCAAATCCGGCGTCAA,DMT ON,phiX174-V2_F3-22,FISUNOV
ACTAAAATGCAACTGGACAATCAGAAAGAGATTGCCGAGATGCAAAAT,DMT ON,phiX174-V2_F3-23,FISUNOV
AATGCCAGCAATCTCTTTTTGAGTCTCATTTTGCATCTCGGCAATCTC,DMT ON,phiX174-V2_F3-24,FISUNOV
TCAAAAAGAGATTGCTGGCATTCAGTCGGCGACTTCACGCCAGAATACGAA,DMT ON,phiX174-V2_F3-25,FISUNOV
CATTTTGTGCATATACCTGGTCTTTCGTATTCTGGCGTGAAGT,DMT ON,phiX174-V2_F3-26,FISUNOV
AGACCAGGTATATGCACAAAATGAGATGCTTGCTTATCAACAGAAGG,DMT ON,phiX174-V2_F3-27,FISUNOV
TTTCCATAATAGACGCAACGCGAGCAGTAGACTCCTTCTGTTGATAAGCAAGCAT,DMT ON,phiX174-V2_F3-28,FISUNOV
GCGTTGCGTCTATTATGGAAAACACCAATCTTTCCAAGCAAC,DMT ON,phiX174-V2_F3-29,FISUNOV
GAGTAAGCATTTGGCGCATAATCTCGGAAACCTGCTGTTGCTTGGAAAGATTGGTGT,DMT ON,phiX174-V2_F3-30,FISUNOV
TTATGCGCCAAATGCTTACTCAAGCTCAAACGGCTGGTCAGTATT,DMT ON,phiX174-V2_F3-31,FISUNOV
AGTCATTTCTTTGATTTGGTCATTGGTAAAATACTGACCAGCCGTTTGA,DMT ON,phiX174-V2_F3-32,FISUNOV
CAATGACCAAATCAAAGAAATGACTCGCAAGGTTAGTGCTGAGGT,DMT ON,phiX174-V2_F3-33,FISUNOV
TACCGCTGATTCTGCGTTTGCTGATGAACTAAGTCAACCTCAGCACTAACCTTGC,DMT ON,phiX174-V2_F3-34,FISUNOV
AAACGCAGAATCAGCGGTATGGCTCTTCTCATATTGGCGCTACTGCAAAGGATA,DMT ON,phiX174-V2_F3-35,FISUNOV
CCAGAAGCAGCATCAGTGACGACATTAGAAATATCCTTTGCAGTAGCGCC,DMT ON,phiX174-V2_F3-36,FISUNOV
TCACTGATGCTGCTTCTGGTGTGGTTGATATTTTTCATGGTATTG,DMT ON,phiX174-V2_F3-37,FISUNOV
CAAGTATCGGCAACAGCTTTATCAATACCATGAAAAATATCAACCACA,DMT ON,phiX174-V2_F3-38,FISUNOV
ATAAAGCTGTTGCCGATACTTGGAACAATTTCTGGAAAGACGGTAAAGCT,DMT ON,phiX174-V2_F3-39,FISUNOV
CCTAGACAAATTAGAGCCAATACCATCAGCTTTACCGTCTTTCCAGAA,DMT ON,phiX174-V2_F3-40,FISUNOV
GGTATTGGCTCTAATTTGTCTAGGAAATAACCGTCAGGATTGACACCCTCCCAATTGTATGTT,DMT ON,phiX174-V2_F3-41,FISUNOV
AAAAAGCCTCCAAGATTTGGAGGCATGAAAACATACAATTGGGAGGGTGT,DMT ON,phiX174-V2_F3-42,FISUNOV
CTCCAAATCTTGGAGGCTTTTTTATGGTTCGTTCTTATTACCCTTCTGAATGTCACGCT,DMT ON,phiX174-V2_F3-43,FISUNOV
AGGTTTAAGAGCCTCGATACGCTCAAAGTCAAAATAATCAGCGTGACATTCAGAAGGG,DMT ON,phiX174-V2_F3-44,FISUNOV
CGTATCGAGGCTCTTAAACCTGCTATTGAGGCTTGTGGCATTTCTACTCTTTCTCAATC,DMT ON,phiX174-V2_F3-45,FISUNOV
ATGCGGTTATCCATCTGCTTATGGAAGCCAAGCATTGGGGATTGAGAAAGAGTAGAAATGCCA,DMT ON,phiX174-V2_F3-46,FISUNOV
AGCAGATGGATAACCGCATCAAGCTCTTGGAAGAGATTCTGT,DMT ON,phiX174-V2_F4-1,FISUNOV
TATCGAACTCAACGCCCTGCATACGAAAAGACAGAATCTCTTCCAAGAGCTT,DMT ON,phiX174-V2_F4-2,FISUNOV
CAGGGCGTTGAGTTCGATAATGGTGATATGTATGTTGACGGCCA,DMT ON,phiX174-V2_F4-3,FISUNOV
ACAGATACAAACTCATCACGAACGTCAGAAGCAGCCTTATGGCCGTCAACATACATATCA,DMT ON,phiX174-V2_F4-4,FISUNOV
GTTCGTGATGAGTTTGTATCTGTTACTGAGAAGTTAATGGATGAATTGGCACAATGC,DMT ON,phiX174-V2_F4-5,FISUNOV
ATATCAAGTTGGGGGAGCACATTGTAGCATTGTGCCAATTCATCCA,DMT ON,phiX174-V2_F4-6,FISUNOV
GTGCTCCCCCAACTTGATATTAATAACACTATAGACCACCGCC,DMT ON,phiX174-V2_F4-7,FISUNOV
AAAAACCATTTTTCGTCCCCTTCGGGGCGGTGGTCTATAGTGTTAT,DMT ON,phiX174-V2_F4-8,FISUNOV
